time_ms,cpu_used_percent,active_workers,queue_len,completed
0,10,1,0,0
10,10,1,0,0
20,20,2,0,0
30,20,2,0,0
40,30,3,0,0
50,30,3,0,0
60,40,4,0,0
70,40,4,0,0
80,50,5,0,0
90,50,5,0,0
100,60,6,0,0
110,60,6,0,0
120,95,7,0,0
130,95,7,0,0
140,95,7,1,0
150,95,7,1,0
160,95,7,2,0
170,95,7,2,0
180,95,7,3,0
190,95,7,3,0
200,85,6,4,1
210,85,6,4,1
220,75,5,5,2
230,75,5,5,2
240,100,5,5,3
250,100,5,5,3
260,100,5,5,4
270,100,5,5,4
280,100,5,5,5
290,100,5,5,5
300,90,4,6,6
310,90,4,6,6
320,100,5,5,7
330,100,5,5,7
340,100,5,6,7
350,100,5,6,7
360,100,5,7,7
370,100,5,7,7
380,100,5,8,7
390,100,5,8,7
400,100,5,9,7
410,100,5,9,7
420,100,5,10,7
430,100,5,10,7
440,95,7,8,8
450,95,7,8,8
460,95,7,8,9
470,95,7,8,9
480,95,7,8,10
490,95,7,8,10
500,95,7,9,10
510,95,7,9,10
520,80,8,7,12
530,80,8,7,12
540,80,8,8,12
550,80,8,8,12
560,80,8,9,12
570,80,8,9,12
580,80,8,10,12
590,80,8,10,12
600,80,8,11,12
610,80,8,11,12
620,80,8,12,12
630,80,8,12,12
640,95,7,11,15
650,95,7,11,15
660,95,7,11,16
670,95,7,11,16
680,95,7,11,17
690,95,7,11,17
700,95,7,12,17
710,95,7,12,17
720,85,6,11,20
730,85,6,11,20
740,85,6,12,20
750,85,6,12,20
760,85,6,13,20
770,85,6,13,20
780,85,6,14,20
790,85,6,14,20
800,85,6,15,20
810,85,6,15,20
820,85,6,16,20
830,85,6,16,20
840,95,7,14,22
850,95,7,14,22
860,95,7,14,23
870,95,7,14,23
880,95,7,14,24
890,95,7,14,24
900,95,7,15,24
910,95,7,15,24
920,75,5,16,26
930,75,5,16,26
940,75,5,17,26
950,75,5,17,26
960,75,5,18,26
970,75,5,18,26
980,75,5,19,26
990,75,5,19,26
1000,75,5,20,26
1010,75,5,20,26
1020,75,5,21,26
1030,75,5,21,26
1040,90,4,20,29
1050,90,4,20,29
1060,80,3,21,30
1070,80,3,21,30
1080,70,2,22,31
1090,70,2,22,31
1100,70,2,23,31
1110,70,2,23,31
1120,70,2,24,31
1130,70,2,24,31
1140,70,2,25,31
1150,70,2,25,31
1160,70,2,26,31
1170,70,2,26,31
1180,70,2,27,31
1190,70,2,27,31
1200,70,2,28,31
1210,70,2,28,31
1220,70,2,29,31
1230,70,2,29,31
1240,95,7,23,33
1250,95,7,23,33
1260,95,7,24,33
1270,95,7,24,33
1280,95,7,25,33
1290,95,7,25,33
1300,95,7,26,33
1310,95,7,26,33
1320,95,7,27,33
1330,95,7,27,33
1340,95,7,28,33
1350,95,7,28,33
1360,95,7,29,33
1370,95,7,29,33
1380,95,7,30,33
1390,95,7,30,33
1400,95,7,31,33
1410,95,7,31,33
1420,95,7,32,33
1430,95,7,32,33
1440,95,7,26,40
1450,95,7,26,40
1460,95,7,27,40
1470,95,7,27,40
1480,95,7,28,40
1490,95,7,28,40
1500,95,7,29,40
1510,95,7,29,40
1520,95,7,30,40
1530,95,7,30,40
1540,95,7,31,40
1550,95,7,31,40
1560,95,7,32,40
1570,95,7,32,40
1580,95,7,33,40
1590,95,7,33,40
1600,95,7,34,40
1610,95,7,34,40
1620,95,7,35,40
1630,95,7,35,40
1640,80,3,33,47
1650,80,3,33,47
1660,80,3,34,47
1670,80,3,34,47
1680,80,3,35,47
1690,80,3,35,47
1700,80,3,36,47
1710,80,3,36,47
1720,80,3,37,47
1730,80,3,37,47
1740,80,3,38,47
1750,80,3,38,47
1760,80,3,39,47
1770,80,3,39,47
1780,80,3,40,47
1790,80,3,40,47
1800,80,3,41,47
1810,80,3,41,47
1820,80,3,42,47
1830,80,3,42,47
1840,100,5,38,50
1850,100,5,38,50
1860,100,5,39,50
1870,100,5,39,50
1880,100,5,40,50
1890,100,5,40,50
1900,100,5,41,50
1910,100,5,41,50
1920,100,5,42,50
1930,100,5,42,50
1940,100,5,43,50
1950,100,5,43,50
1960,100,5,44,50
1970,100,5,44,50
1980,100,5,45,50
1990,100,5,45,50
2000,100,5,46,50
2010,100,5,46,50
2020,100,5,47,50
2030,100,5,47,50
2040,95,7,41,55
2050,95,7,41,55
2060,95,7,42,55
2070,95,7,42,55
2080,95,7,43,55
2090,95,7,43,55
2100,95,7,44,55
2110,95,7,44,55
2120,95,7,45,55
2130,95,7,45,55
2140,95,7,46,55
2150,95,7,46,55
2160,95,7,47,55
2170,95,7,47,55
2180,95,7,48,55
2190,95,7,48,55
2200,95,7,49,55
2210,95,7,49,55
2220,95,7,50,55
2230,95,7,50,55
2240,80,8,43,62
2250,80,8,43,62
2260,80,8,44,62
2270,80,8,44,62
2280,80,8,45,62
2290,80,8,45,62
2300,80,8,46,62
2310,80,8,46,62
2320,80,8,47,62
2330,80,8,47,62
2340,80,8,48,62
2350,80,8,48,62
2360,80,8,49,62
2370,80,8,49,62
2380,80,8,50,62
2390,80,8,50,62
2400,80,8,51,62
2410,80,8,51,62
2420,80,8,52,62
2430,80,8,52,62
2440,85,6,47,70
2450,85,6,47,70
2460,85,6,48,70
2470,85,6,48,70
2480,85,6,49,70
2490,85,6,49,70
2500,85,6,50,70
2510,85,6,50,70
2520,85,6,51,70
2530,85,6,51,70
2540,85,6,52,70
2550,85,6,52,70
2560,85,6,53,70
2570,85,6,53,70
2580,85,6,54,70
2590,85,6,54,70
2600,85,6,55,70
2610,85,6,55,70
2620,85,6,56,70
2630,85,6,56,70
2640,100,5,52,76
2650,100,5,52,76
2660,100,5,53,76
2670,100,5,53,76
2680,100,5,54,76
2690,100,5,54,76
2700,100,5,55,76
2710,100,5,55,76
2720,100,5,56,76
2730,100,5,56,76
2740,100,5,57,76
2750,100,5,57,76
2760,100,5,58,76
2770,100,5,58,76
2780,100,5,59,76
2790,100,5,59,76
2800,100,5,60,76
2810,100,5,60,76
2820,100,5,61,76
2830,100,5,61,76
2840,95,7,55,81
2850,95,7,55,81
2860,95,7,56,81
2870,95,7,56,81
2880,95,7,57,81
2890,95,7,57,81
2900,95,7,58,81
2910,95,7,58,81
2920,95,7,59,81
2930,95,7,59,81
2940,95,7,60,81
2950,95,7,60,81
2960,95,7,61,81
2970,95,7,61,81
2980,95,7,62,81
2990,95,7,62,81
3000,95,7,63,81
3010,95,7,63,81
3020,95,7,64,81
3030,95,7,64,81
3040,80,3,62,88
3050,80,3,62,88
3060,80,3,63,88
3070,80,3,63,88
3080,80,3,64,88
3090,80,3,64,88
3100,80,3,65,88
3110,80,3,65,88
3120,80,3,66,88
3130,80,3,66,88
3140,80,3,67,88
3150,80,3,67,88
3160,80,3,68,88
3170,80,3,68,88
3180,80,3,69,88
3190,80,3,69,88
3200,80,3,70,88
3210,80,3,70,88
3220,80,3,71,88
3230,80,3,71,88
3240,80,3,69,91
3250,80,3,69,91
3260,80,3,70,91
3270,80,3,70,91
3280,80,3,71,91
3290,80,3,71,91
3300,80,3,72,91
3310,80,3,72,91
3320,80,3,73,91
3330,80,3,73,91
3340,80,3,74,91
3350,80,3,74,91
3360,80,3,75,91
3370,80,3,75,91
3380,80,3,76,91
3390,80,3,76,91
3400,80,3,77,91
3410,80,3,77,91
3420,80,3,78,91
3430,80,3,78,91
3440,90,4,75,94
3450,90,4,75,94
3460,90,4,76,94
3470,90,4,76,94
3480,90,4,77,94
3490,90,4,77,94
3500,90,4,78,94
3510,90,4,78,94
3520,90,4,79,94
3530,90,4,79,94
3540,90,4,80,94
3550,90,4,80,94
3560,90,4,81,94
3570,90,4,81,94
3580,90,4,82,94
3590,90,4,82,94
3600,90,4,83,94
3610,90,4,83,94
3620,90,4,84,94
3630,90,4,84,94
3640,100,5,80,98
3650,100,5,80,98
3660,100,5,81,98
3670,100,5,81,98
3680,100,5,82,98
3690,100,5,82,98
3700,100,5,83,98
3710,100,5,83,98
3720,100,5,84,98
3730,100,5,84,98
3740,100,5,85,98
3750,100,5,85,98
3760,100,5,86,98
3770,100,5,86,98
3780,100,5,87,98
3790,100,5,87,98
3800,100,5,88,98
3810,100,5,88,98
3820,100,5,89,98
3830,100,5,89,98
3840,100,5,85,103
3850,100,5,85,103
3860,100,5,86,103
3870,100,5,86,103
3880,100,5,87,103
3890,100,5,87,103
3900,100,5,88,103
3910,100,5,88,103
3920,100,5,89,103
3930,100,5,89,103
3940,100,5,90,103
3950,100,5,90,103
3960,100,5,91,103
3970,100,5,91,103
3980,100,5,92,103
3990,100,5,92,103
4000,100,5,93,103
4010,100,5,93,103
4020,100,5,94,103
4030,100,5,94,103
4040,95,7,88,108
4050,95,7,88,108
4060,95,7,89,108
4070,95,7,89,108
4080,95,7,90,108
4090,95,7,90,108
4100,95,7,91,108
4110,95,7,91,108
4120,95,7,92,108
4130,95,7,92,108
4140,95,7,93,108
4150,95,7,93,108
4160,95,7,94,108
4170,95,7,94,108
4180,95,7,95,108
4190,95,7,95,108
4200,95,7,96,108
4210,95,7,96,108
4220,95,7,97,108
4230,95,7,97,108
4240,90,4,94,115
4250,90,4,94,115
4260,90,4,95,115
4270,90,4,95,115
4280,90,4,96,115
4290,90,4,96,115
4300,90,4,97,115
4310,90,4,97,115
4320,90,4,98,115
4330,90,4,98,115
4340,90,4,99,115
4350,90,4,99,115
4360,90,4,100,115
4370,90,4,100,115
4380,90,4,101,115
4390,90,4,101,115
4400,90,4,102,115
4410,90,4,102,115
4420,90,4,103,115
4430,90,4,103,115
4440,80,3,101,119
4450,80,3,101,119
4460,80,3,102,119
4470,80,3,102,119
4480,80,3,103,119
4490,80,3,103,119
4500,80,3,104,119
4510,80,3,104,119
4520,80,3,105,119
4530,80,3,105,119
4540,80,3,106,119
4550,80,3,106,119
4560,80,3,107,119
4570,80,3,107,119
4580,80,3,108,119
4590,80,3,108,119
4600,80,3,109,119
4610,80,3,109,119
4620,80,3,110,119
4630,80,3,110,119
4640,80,3,108,122
4650,80,3,108,122
4660,80,3,109,122
4670,80,3,109,122
4680,80,3,110,122
4690,80,3,110,122
4700,80,3,111,122
4710,80,3,111,122
4720,80,3,112,122
4730,80,3,112,122
4740,80,3,113,122
4750,80,3,113,122
4760,80,3,114,122
4770,80,3,114,122
4780,80,3,115,122
4790,80,3,115,122
4800,80,3,116,122
4810,80,3,116,122
4820,80,3,117,122
4830,80,3,117,122
4840,75,5,113,125
4850,75,5,113,125
4860,75,5,114,125
4870,75,5,114,125
4880,75,5,115,125
4890,75,5,115,125
4900,75,5,116,125
4910,75,5,116,125
4920,75,5,117,125
4930,75,5,117,125
4940,75,5,118,125
4950,75,5,118,125
4960,75,5,119,125
4970,75,5,119,125
4980,75,5,120,125
4990,75,5,120,125
5000,75,5,121,125
5010,75,5,121,125
5020,75,5,122,125
5030,75,5,122,125
5040,100,5,118,130
5050,100,5,118,130
5060,100,5,119,130
5070,100,5,119,130
5080,100,5,120,130
5090,100,5,120,130
5100,100,5,121,130
5110,100,5,121,130
5120,100,5,122,130
5130,100,5,122,130
5140,100,5,123,130
5150,100,5,123,130
5160,100,5,124,130
5170,100,5,124,130
5180,100,5,125,130
5190,100,5,125,130
5200,100,5,126,130
5210,100,5,126,130
5220,100,5,127,130
5230,100,5,127,130
5240,80,8,120,135
5250,80,8,120,135
5260,80,8,121,135
5270,80,8,121,135
5280,80,8,122,135
5290,80,8,122,135
5300,80,8,123,135
5310,80,8,123,135
5320,80,8,124,135
5330,80,8,124,135
5340,80,8,125,135
5350,80,8,125,135
5360,80,8,126,135
5370,80,8,126,135
5380,80,8,127,135
5390,80,8,127,135
5400,80,8,128,135
5410,80,8,128,135
5420,80,8,129,135
5430,80,8,129,135
5440,95,7,123,143
5450,95,7,123,143
5460,95,7,124,143
5470,95,7,124,143
5480,95,7,125,143
5490,95,7,125,143
5500,95,7,126,143
5510,95,7,126,143
5520,95,7,127,143
5530,95,7,127,143
5540,95,7,128,143
5550,95,7,128,143
5560,95,7,129,143
5570,95,7,129,143
5580,95,7,130,143
5590,95,7,130,143
5600,95,7,131,143
5610,95,7,131,143
5620,95,7,132,143
5630,95,7,132,143
5640,95,7,126,150
5650,95,7,126,150
5660,95,7,127,150
5670,95,7,127,150
5680,95,7,128,150
5690,95,7,128,150
5700,95,7,129,150
5710,95,7,129,150
5720,95,7,130,150
5730,95,7,130,150
5740,95,7,131,150
5750,95,7,131,150
5760,95,7,132,150
5770,95,7,132,150
5780,95,7,133,150
5790,95,7,133,150
5800,95,7,134,150
5810,95,7,134,150
5820,95,7,135,150
5830,95,7,135,150
5840,95,7,129,157
5850,95,7,129,157
5860,95,7,130,157
5870,95,7,130,157
5880,95,7,131,157
5890,95,7,131,157
5900,95,7,132,157
5910,95,7,132,157
5920,95,7,133,157
5930,95,7,133,157
5940,95,7,134,157
5950,95,7,134,157
5960,95,7,135,157
5970,95,7,135,157
5980,95,7,136,157
5990,95,7,136,157
6000,95,7,137,157
6010,95,7,137,157
6020,95,7,138,157
6030,95,7,138,157
6040,95,7,132,164
6050,95,7,132,164
6060,95,7,133,164
6070,95,7,133,164
6080,95,7,134,164
6090,95,7,134,164
6100,95,7,135,164
6110,95,7,135,164
6120,95,7,136,164
6130,95,7,136,164
6140,95,7,137,164
6150,95,7,137,164
6160,95,7,138,164
6170,95,7,138,164
6180,95,7,139,164
6190,95,7,139,164
6200,95,7,140,164
6210,95,7,140,164
6220,95,7,141,164
6230,95,7,141,164
6240,75,5,137,171
6250,75,5,137,171
6260,75,5,138,171
6270,75,5,138,171
6280,75,5,139,171
6290,75,5,139,171
6300,75,5,140,171
6310,75,5,140,171
6320,75,5,141,171
6330,75,5,141,171
6340,75,5,142,171
6350,75,5,142,171
6360,75,5,143,171
6370,75,5,143,171
6380,75,5,144,171
6390,75,5,144,171
6400,75,5,145,171
6410,75,5,145,171
6420,75,5,146,171
6430,75,5,146,171
6440,100,5,142,176
6450,100,5,142,176
6460,100,5,143,176
6470,100,5,143,176
6480,100,5,144,176
6490,100,5,144,176
6500,100,5,145,176
6510,100,5,145,176
6520,100,5,146,176
6530,100,5,146,176
6540,100,5,147,176
6550,100,5,147,176
6560,100,5,148,176
6570,100,5,148,176
6580,100,5,149,176
6590,100,5,149,176
6600,100,5,150,176
6610,100,5,150,176
6620,100,5,151,176
6630,100,5,151,176
6640,100,5,147,181
6650,100,5,147,181
6660,100,5,148,181
6670,100,5,148,181
6680,100,5,149,181
6690,100,5,149,181
6700,100,5,150,181
6710,100,5,150,181
6720,100,5,151,181
6730,100,5,151,181
6740,100,5,152,181
6750,100,5,152,181
6760,100,5,153,181
6770,100,5,153,181
6780,100,5,154,181
6790,100,5,154,181
6800,100,5,155,181
6810,100,5,155,181
6820,100,5,156,181
6830,100,5,156,181
6840,75,5,152,186
6850,75,5,152,186
6860,75,5,153,186
6870,75,5,153,186
6880,75,5,154,186
6890,75,5,154,186
6900,75,5,155,186
6910,75,5,155,186
6920,75,5,156,186
6930,75,5,156,186
6940,75,5,157,186
6950,75,5,157,186
6960,75,5,158,186
6970,75,5,158,186
6980,75,5,159,186
6990,75,5,159,186
7000,75,5,160,186
7010,75,5,160,186
7020,75,5,161,186
7030,75,5,161,186
7040,100,5,157,191
7050,100,5,157,191
7060,100,5,158,191
7070,100,5,158,191
7080,100,5,159,191
7090,100,5,159,191
7100,100,5,160,191
7110,100,5,160,191
7120,100,5,161,191
7130,100,5,161,191
7140,100,5,162,191
7150,100,5,162,191
7160,100,5,163,191
7170,100,5,163,191
7180,100,5,164,191
7190,100,5,164,191
7200,100,5,165,191
7210,100,5,165,191
7220,100,5,166,191
7230,100,5,166,191
7240,70,2,165,196
7250,70,2,165,196
7260,70,2,166,196
7270,70,2,166,196
7280,70,2,167,196
7290,70,2,167,196
7300,70,2,168,196
7310,70,2,168,196
7320,70,2,169,196
7330,70,2,169,196
7340,70,2,170,196
7350,70,2,170,196
7360,70,2,171,196
7370,70,2,171,196
7380,70,2,172,196
7390,70,2,172,196
7400,70,2,173,196
7410,70,2,173,196
7420,70,2,174,196
7430,70,2,174,196
7440,70,2,173,198
7450,70,2,173,198
7460,70,2,174,198
7470,70,2,174,198
7480,70,2,175,198
7490,70,2,175,198
7500,70,2,176,198
7510,70,2,176,198
7520,70,2,177,198
7530,70,2,177,198
7540,70,2,178,198
7550,70,2,178,198
7560,70,2,179,198
7570,70,2,179,198
7580,70,2,180,198
7590,70,2,180,198
7600,70,2,181,198
7610,70,2,181,198
7620,70,2,182,198
7630,70,2,182,198
7640,100,5,178,200
7650,100,5,178,200
7660,100,5,179,200
7670,100,5,179,200
7680,100,5,180,200
7690,100,5,180,200
7700,100,5,181,200
7710,100,5,181,200
7720,100,5,182,200
7730,100,5,182,200
7740,100,5,183,200
7750,100,5,183,200
7760,100,5,184,200
7770,100,5,184,200
7780,100,5,185,200
7790,100,5,185,200
7800,100,5,186,200
7810,100,5,186,200
7820,100,5,187,200
7830,100,5,187,200
7840,100,5,183,205
7850,100,5,183,205
7860,100,5,184,205
7870,100,5,184,205
7880,100,5,185,205
7890,100,5,185,205
7900,100,5,186,205
7910,100,5,186,205
7920,100,5,187,205
7930,100,5,187,205
7940,100,5,188,205
7950,100,5,188,205
7960,100,5,189,205
7970,100,5,189,205
7980,100,5,190,205
7990,100,5,190,205
8000,100,5,191,205
8010,100,5,191,205
8020,100,5,192,205
8030,100,5,192,205
8040,75,5,188,210
8050,75,5,188,210
8060,75,5,189,210
8070,75,5,189,210
8080,75,5,190,210
8090,75,5,190,210
8100,75,5,191,210
8110,75,5,191,210
8120,75,5,192,210
8130,75,5,192,210
8140,75,5,193,210
8150,75,5,193,210
8160,75,5,194,210
8170,75,5,194,210
8180,75,5,195,210
8190,75,5,195,210
8200,75,5,196,210
8210,75,5,196,210
8220,75,5,197,210
8230,75,5,197,210
8240,90,4,194,215
8250,90,4,194,215
8260,90,4,195,215
8270,90,4,195,215
8280,90,4,196,215
8290,90,4,196,215
8300,90,4,197,215
8310,90,4,197,215
8320,90,4,198,215
8330,90,4,198,215
8340,90,4,199,215
8350,90,4,199,215
8360,90,4,200,215
8370,90,4,200,215
8380,90,4,201,215
8390,90,4,201,215
8400,90,4,202,215
8410,90,4,202,215
8420,90,4,203,215
8430,90,4,203,215
8440,100,5,199,219
8450,100,5,199,219
8460,100,5,200,219
8470,100,5,200,219
8480,100,5,201,219
8490,100,5,201,219
8500,100,5,202,219
8510,100,5,202,219
8520,100,5,203,219
8530,100,5,203,219
8540,100,5,204,219
8550,100,5,204,219
8560,100,5,205,219
8570,100,5,205,219
8580,100,5,206,219
8590,100,5,206,219
8600,100,5,207,219
8610,100,5,207,219
8620,100,5,208,219
8630,100,5,208,219
8640,90,4,205,224
8650,90,4,205,224
8660,90,4,206,224
8670,90,4,206,224
8680,90,4,207,224
8690,90,4,207,224
8700,90,4,208,224
8710,90,4,208,224
8720,90,4,209,224
8730,90,4,209,224
8740,90,4,210,224
8750,90,4,210,224
8760,90,4,211,224
8770,90,4,211,224
8780,90,4,212,224
8790,90,4,212,224
8800,90,4,213,224
8810,90,4,213,224
8820,90,4,214,224
8830,90,4,214,224
8840,75,5,210,228
8850,75,5,210,228
8860,75,5,211,228
8870,75,5,211,228
8880,75,5,212,228
8890,75,5,212,228
8900,75,5,213,228
8910,75,5,213,228
8920,75,5,214,228
8930,75,5,214,228
8940,75,5,215,228
8950,75,5,215,228
8960,75,5,216,228
8970,75,5,216,228
8980,75,5,217,228
8990,75,5,217,228
9000,75,5,218,228
9010,75,5,218,228
9020,75,5,219,228
9030,75,5,219,228
9040,95,7,213,233
9050,95,7,213,233
9060,95,7,214,233
9070,95,7,214,233
9080,95,7,215,233
9090,95,7,215,233
9100,95,7,216,233
9110,95,7,216,233
9120,95,7,217,233
9130,95,7,217,233
9140,95,7,218,233
9150,95,7,218,233
9160,95,7,219,233
9170,95,7,219,233
9180,95,7,220,233
9190,95,7,220,233
9200,95,7,221,233
9210,95,7,221,233
9220,95,7,222,233
9230,95,7,222,233
9240,95,7,216,240
9250,95,7,216,240
9260,95,7,217,240
9270,95,7,217,240
9280,95,7,218,240
9290,95,7,218,240
9300,95,7,219,240
9310,95,7,219,240
9320,95,7,220,240
9330,95,7,220,240
9340,95,7,221,240
9350,95,7,221,240
9360,95,7,222,240
9370,95,7,222,240
9380,95,7,223,240
9390,95,7,223,240
9400,95,7,224,240
9410,95,7,224,240
9420,95,7,225,240
9430,95,7,225,240
9440,85,6,220,247
9450,85,6,220,247
9460,85,6,221,247
9470,85,6,221,247
9480,85,6,222,247
9490,85,6,222,247
9500,85,6,223,247
9510,85,6,223,247
9520,85,6,224,247
9530,85,6,224,247
9540,85,6,225,247
9550,85,6,225,247
9560,85,6,226,247
9570,85,6,226,247
9580,85,6,227,247
9590,85,6,227,247
9600,85,6,228,247
9610,85,6,228,247
9620,85,6,229,247
9630,85,6,229,247
9640,100,5,225,253
9650,100,5,225,253
9660,100,5,226,253
9670,100,5,226,253
9680,100,5,227,253
9690,100,5,227,253
9700,100,5,228,253
9710,100,5,228,253
9720,100,5,229,253
9730,100,5,229,253
9740,100,5,230,253
9750,100,5,230,253
9760,100,5,231,253
9770,100,5,231,253
9780,100,5,232,253
9790,100,5,232,253
9800,100,5,233,253
9810,100,5,233,253
9820,100,5,234,253
9830,100,5,234,253
9840,100,5,230,258
9850,100,5,230,258
9860,100,5,231,258
9870,100,5,231,258
9880,100,5,232,258
9890,100,5,232,258
9900,100,5,233,258
9910,100,5,233,258
9920,100,5,234,258
9930,100,5,234,258
9940,100,5,235,258
9950,100,5,235,258
9960,100,5,236,258
9970,100,5,236,258
9980,100,5,237,258
9990,100,5,237,258
10000,100,5,238,258
10010,100,5,238,258
10020,100,5,239,258
10030,100,5,239,258
10040,85,6,234,263
10050,85,6,234,263
10060,85,6,235,263
10070,85,6,235,263
10080,85,6,236,263
10090,85,6,236,263
10100,85,6,237,263
10110,85,6,237,263
10120,85,6,238,263
10130,85,6,238,263
10140,85,6,239,263
10150,85,6,239,263
10160,85,6,240,263
10170,85,6,240,263
10180,85,6,241,263
10190,85,6,241,263
10200,85,6,242,263
10210,85,6,242,263
10220,85,6,243,263
10230,85,6,243,263
10240,90,4,240,269
10250,90,4,240,269
10260,90,4,241,269
10270,90,4,241,269
10280,90,4,242,269
10290,90,4,242,269
10300,90,4,243,269
10310,90,4,243,269
10320,90,4,244,269
10330,90,4,244,269
10340,90,4,245,269
10350,90,4,245,269
10360,90,4,246,269
10370,90,4,246,269
10380,90,4,247,269
10390,90,4,247,269
10400,90,4,248,269
10410,90,4,248,269
10420,90,4,249,269
10430,90,4,249,269
10440,100,5,245,273
10450,100,5,245,273
10460,100,5,246,273
10470,100,5,246,273
10480,100,5,247,273
10490,100,5,247,273
10500,100,5,248,273
10510,100,5,248,273
10520,100,5,249,273
10530,100,5,249,273
10540,100,5,250,273
10550,100,5,250,273
10560,100,5,251,273
10570,100,5,251,273
10580,100,5,252,273
10590,100,5,252,273
10600,100,5,253,273
10610,100,5,253,273
10620,100,5,254,273
10630,100,5,254,273
10640,100,5,250,278
10650,100,5,250,278
10660,100,5,251,278
10670,100,5,251,278
10680,100,5,252,278
10690,100,5,252,278
10700,100,5,253,278
10710,100,5,253,278
10720,100,5,254,278
10730,100,5,254,278
10740,100,5,255,278
10750,100,5,255,278
10760,100,5,256,278
10770,100,5,256,278
10780,100,5,257,278
10790,100,5,257,278
10800,100,5,258,278
10810,100,5,258,278
10820,100,5,259,278
10830,100,5,259,278
10840,75,5,255,283
10850,75,5,255,283
10860,75,5,256,283
10870,75,5,256,283
10880,75,5,257,283
10890,75,5,257,283
10900,75,5,258,283
10910,75,5,258,283
10920,75,5,259,283
10930,75,5,259,283
10940,75,5,260,283
10950,75,5,260,283
10960,75,5,261,283
10970,75,5,261,283
10980,75,5,262,283
10990,75,5,262,283
11000,75,5,263,283
11010,75,5,263,283
11020,75,5,264,283
11030,75,5,264,283
11040,90,4,261,288
11050,90,4,261,288
11060,90,4,262,288
11070,90,4,262,288
11080,90,4,263,288
11090,90,4,263,288
11100,90,4,264,288
11110,90,4,264,288
11120,90,4,265,288
11130,90,4,265,288
11140,90,4,266,288
11150,90,4,266,288
11160,90,4,267,288
11170,90,4,267,288
11180,90,4,268,288
11190,90,4,268,288
11200,90,4,269,288
11210,90,4,269,288
11220,90,4,270,288
11230,90,4,270,288
11240,75,5,266,292
11250,75,5,266,292
11260,75,5,267,292
11270,75,5,267,292
11280,75,5,268,292
11290,75,5,268,292
11300,75,5,269,292
11310,75,5,269,292
11320,75,5,270,292
11330,75,5,270,292
11340,75,5,271,292
11350,75,5,271,292
11360,75,5,272,292
11370,75,5,272,292
11380,75,5,273,292
11390,75,5,273,292
11400,75,5,274,292
11410,75,5,274,292
11420,75,5,275,292
11430,75,5,275,292
11440,90,4,272,297
11450,90,4,272,297
11460,90,4,273,297
11470,90,4,273,297
11480,90,4,274,297
11490,90,4,274,297
11500,90,4,275,297
11510,90,4,275,297
11520,90,4,276,297
11530,90,4,276,297
11540,90,4,277,297
11550,90,4,277,297
11560,90,4,278,297
11570,90,4,278,297
11580,90,4,279,297
11590,90,4,279,297
11600,90,4,280,297
11610,90,4,280,297
11620,90,4,281,297
11630,90,4,281,297
11640,100,5,277,301
11650,100,5,277,301
11660,100,5,278,301
11670,100,5,278,301
11680,100,5,279,301
11690,100,5,279,301
11700,100,5,280,301
11710,100,5,280,301
11720,100,5,281,301
11730,100,5,281,301
11740,100,5,282,301
11750,100,5,282,301
11760,100,5,283,301
11770,100,5,283,301
11780,100,5,284,301
11790,100,5,284,301
11800,100,5,285,301
11810,100,5,285,301
11820,100,5,286,301
11830,100,5,286,301
11840,100,5,282,306
11850,100,5,282,306
11860,100,5,283,306
11870,100,5,283,306
11880,100,5,284,306
11890,100,5,284,306
11900,100,5,285,306
11910,100,5,285,306
11920,100,5,286,306
11930,100,5,286,306
11940,100,5,287,306
11950,100,5,287,306
11960,100,5,288,306
11970,100,5,288,306
11980,100,5,289,306
11990,100,5,289,306
12000,100,5,290,306
12010,100,5,290,306
12020,100,5,291,306
12030,100,5,291,306
12040,100,5,287,311
12050,100,5,287,311
12060,100,5,288,311
12070,100,5,288,311
12080,100,5,289,311
12090,100,5,289,311
12100,100,5,290,311
12110,100,5,290,311
12120,100,5,291,311
12130,100,5,291,311
12140,100,5,292,311
12150,100,5,292,311
12160,100,5,293,311
12170,100,5,293,311
12180,100,5,294,311
12190,100,5,294,311
12200,100,5,295,311
12210,100,5,295,311
12220,100,5,296,311
12230,100,5,296,311
12240,100,5,292,316
12250,100,5,292,316
12260,100,5,293,316
12270,100,5,293,316
12280,100,5,294,316
12290,100,5,294,316
12300,100,5,295,316
12310,100,5,295,316
12320,100,5,296,316
12330,100,5,296,316
12340,100,5,297,316
12350,100,5,297,316
12360,100,5,298,316
12370,100,5,298,316
12380,100,5,299,316
12390,100,5,299,316
12400,100,5,300,316
12410,100,5,300,316
12420,100,5,301,316
12430,100,5,301,316
12440,80,8,294,321
12450,80,8,294,321
12460,80,8,295,321
12470,80,8,295,321
12480,80,8,296,321
12490,80,8,296,321
12500,80,8,297,321
12510,80,8,297,321
12520,80,8,298,321
12530,80,8,298,321
12540,80,8,299,321
12550,80,8,299,321
12560,80,8,300,321
12570,80,8,300,321
12580,80,8,301,321
12590,80,8,301,321
12600,80,8,302,321
12610,80,8,302,321
12620,80,8,303,321
12630,80,8,303,321
12640,85,6,298,329
12650,85,6,298,329
12660,85,6,299,329
12670,85,6,299,329
12680,85,6,300,329
12690,85,6,300,329
12700,85,6,301,329
12710,85,6,301,329
12720,85,6,302,329
12730,85,6,302,329
12740,85,6,303,329
12750,85,6,303,329
12760,85,6,304,329
12770,85,6,304,329
12780,85,6,305,329
12790,85,6,305,329
12800,85,6,306,329
12810,85,6,306,329
12820,85,6,307,329
12830,85,6,307,329
12840,70,2,306,335
12850,70,2,306,335
12860,70,2,307,335
12870,70,2,307,335
12880,70,2,308,335
12890,70,2,308,335
12900,70,2,309,335
12910,70,2,309,335
12920,70,2,310,335
12930,70,2,310,335
12940,70,2,311,335
12950,70,2,311,335
12960,70,2,312,335
12970,70,2,312,335
12980,70,2,313,335
12990,70,2,313,335
13000,70,2,314,335
13010,70,2,314,335
13020,70,2,315,335
13030,70,2,315,335
13040,70,2,314,337
13050,70,2,314,337
13060,70,2,315,337
13070,70,2,315,337
13080,70,2,316,337
13090,70,2,316,337
13100,70,2,317,337
13110,70,2,317,337
13120,70,2,318,337
13130,70,2,318,337
13140,70,2,319,337
13150,70,2,319,337
13160,70,2,320,337
13170,70,2,320,337
13180,70,2,321,337
13190,70,2,321,337
13200,70,2,322,337
13210,70,2,322,337
13220,70,2,323,337
13230,70,2,323,337
13240,90,4,320,339
13250,90,4,320,339
13260,90,4,321,339
13270,90,4,321,339
13280,90,4,322,339
13290,90,4,322,339
13300,90,4,323,339
13310,90,4,323,339
13320,90,4,324,339
13330,90,4,324,339
13340,90,4,325,339
13350,90,4,325,339
13360,90,4,326,339
13370,90,4,326,339
13380,90,4,327,339
13390,90,4,327,339
13400,90,4,328,339
13410,90,4,328,339
13420,90,4,329,339
13430,90,4,329,339
13440,95,7,323,343
13450,95,7,323,343
13460,95,7,324,343
13470,95,7,324,343
13480,95,7,325,343
13490,95,7,325,343
13500,95,7,326,343
13510,95,7,326,343
13520,95,7,327,343
13530,95,7,327,343
13540,95,7,328,343
13550,95,7,328,343
13560,95,7,329,343
13570,95,7,329,343
13580,95,7,330,343
13590,95,7,330,343
13600,95,7,331,343
13610,95,7,331,343
13620,95,7,332,343
13630,95,7,332,343
13640,95,7,326,350
13650,95,7,326,350
13660,95,7,327,350
13670,95,7,327,350
13680,95,7,328,350
13690,95,7,328,350
13700,95,7,329,350
13710,95,7,329,350
13720,95,7,330,350
13730,95,7,330,350
13740,95,7,331,350
13750,95,7,331,350
13760,95,7,332,350
13770,95,7,332,350
13780,95,7,333,350
13790,95,7,333,350
13800,95,7,334,350
13810,95,7,334,350
13820,95,7,335,350
13830,95,7,335,350
13840,85,6,330,357
13850,85,6,330,357
13860,85,6,331,357
13870,85,6,331,357
13880,85,6,332,357
13890,85,6,332,357
13900,85,6,333,357
13910,85,6,333,357
13920,85,6,334,357
13930,85,6,334,357
13940,85,6,335,357
13950,85,6,335,357
13960,85,6,336,357
13970,85,6,336,357
13980,85,6,337,357
13990,85,6,337,357
14000,85,6,338,357
14010,85,6,338,357
14020,85,6,339,357
14030,85,6,339,357
14040,100,5,335,363
14050,100,5,335,363
14060,100,5,336,363
14070,100,5,336,363
14080,100,5,337,363
14090,100,5,337,363
14100,100,5,338,363
14110,100,5,338,363
14120,100,5,339,363
14130,100,5,339,363
14140,100,5,340,363
14150,100,5,340,363
14160,100,5,341,363
14170,100,5,341,363
14180,100,5,342,363
14190,100,5,342,363
14200,100,5,343,363
14210,100,5,343,363
14220,100,5,344,363
14230,100,5,344,363
14240,75,5,340,368
14250,75,5,340,368
14260,75,5,341,368
14270,75,5,341,368
14280,75,5,342,368
14290,75,5,342,368
14300,75,5,343,368
14310,75,5,343,368
14320,75,5,344,368
14330,75,5,344,368
14340,75,5,345,368
14350,75,5,345,368
14360,75,5,346,368
14370,75,5,346,368
14380,75,5,347,368
14390,75,5,347,368
14400,75,5,348,368
14410,75,5,348,368
14420,75,5,349,368
14430,75,5,349,368
14440,100,5,345,373
14450,100,5,345,373
14460,100,5,346,373
14470,100,5,346,373
14480,100,5,347,373
14490,100,5,347,373
14500,100,5,348,373
14510,100,5,348,373
14520,100,5,349,373
14530,100,5,349,373
14540,100,5,350,373
14550,100,5,350,373
14560,100,5,351,373
14570,100,5,351,373
14580,100,5,352,373
14590,100,5,352,373
14600,100,5,353,373
14610,100,5,353,373
14620,100,5,354,373
14630,100,5,354,373
14640,90,4,351,378
14650,90,4,351,378
14660,90,4,352,378
14670,90,4,352,378
14680,90,4,353,378
14690,90,4,353,378
14700,90,4,354,378
14710,90,4,354,378
14720,90,4,355,378
14730,90,4,355,378
14740,90,4,356,378
14750,90,4,356,378
14760,90,4,357,378
14770,90,4,357,378
14780,90,4,358,378
14790,90,4,358,378
14800,90,4,359,378
14810,90,4,359,378
14820,90,4,360,378
14830,90,4,360,378
14840,95,7,354,382
14850,95,7,354,382
14860,95,7,355,382
14870,95,7,355,382
14880,95,7,356,382
14890,95,7,356,382
14900,95,7,357,382
14910,95,7,357,382
14920,95,7,358,382
14930,95,7,358,382
14940,95,7,359,382
14950,95,7,359,382
14960,95,7,360,382
14970,95,7,360,382
14980,95,7,361,382
14990,95,7,361,382
15000,95,7,362,382
15010,95,7,362,382
15020,95,7,363,382
15030,95,7,363,382
15040,90,4,360,389
15050,90,4,360,389
15060,90,4,361,389
15070,90,4,361,389
15080,90,4,362,389
15090,90,4,362,389
15100,90,4,363,389
15110,90,4,363,389
15120,90,4,364,389
15130,90,4,364,389
15140,90,4,365,389
15150,90,4,365,389
15160,90,4,366,389
15170,90,4,366,389
15180,90,4,367,389
15190,90,4,367,389
15200,90,4,368,389
15210,90,4,368,389
15220,90,4,369,389
15230,90,4,369,389
15240,100,5,365,393
15250,100,5,365,393
15260,100,5,366,393
15270,100,5,366,393
15280,100,5,367,393
15290,100,5,367,393
15300,100,5,368,393
15310,100,5,368,393
15320,100,5,369,393
15330,100,5,369,393
15340,100,5,370,393
15350,100,5,370,393
15360,100,5,371,393
15370,100,5,371,393
15380,100,5,372,393
15390,100,5,372,393
15400,100,5,373,393
15410,100,5,373,393
15420,100,5,374,393
15430,100,5,374,393
15440,95,7,368,398
15450,95,7,368,398
15460,95,7,369,398
15470,95,7,369,398
15480,95,7,370,398
15490,95,7,370,398
15500,95,7,371,398
15510,95,7,371,398
15520,95,7,372,398
15530,95,7,372,398
15540,95,7,373,398
15550,95,7,373,398
15560,95,7,374,398
15570,95,7,374,398
15580,95,7,375,398
15590,95,7,375,398
15600,95,7,376,398
15610,95,7,376,398
15620,95,7,377,398
15630,95,7,377,398
15640,100,5,373,405
15650,100,5,373,405
15660,100,5,374,405
15670,100,5,374,405
15680,100,5,375,405
15690,100,5,375,405
15700,100,5,376,405
15710,100,5,376,405
15720,100,5,377,405
15730,100,5,377,405
15740,100,5,378,405
15750,100,5,378,405
15760,100,5,379,405
15770,100,5,379,405
15780,100,5,380,405
15790,100,5,380,405
15800,100,5,381,405
15810,100,5,381,405
15820,100,5,382,405
15830,100,5,382,405
15840,95,7,376,410
15850,95,7,376,410
15860,95,7,377,410
15870,95,7,377,410
15880,95,7,378,410
15890,95,7,378,410
15900,95,7,379,410
15910,95,7,379,410
15920,95,7,380,410
15930,95,7,380,410
15940,95,7,381,410
15950,95,7,381,410
15960,95,7,382,410
15970,95,7,382,410
15980,95,7,383,410
15990,95,7,383,410
16000,95,7,384,410
16010,95,7,384,410
16020,95,7,385,410
16030,95,7,385,410
16040,85,6,380,417
16050,85,6,380,417
16060,85,6,381,417
16070,85,6,381,417
16080,85,6,382,417
16090,85,6,382,417
16100,85,6,383,417
16110,85,6,383,417
16120,85,6,384,417
16130,85,6,384,417
16140,85,6,385,417
16150,85,6,385,417
16160,85,6,386,417
16170,85,6,386,417
16180,85,6,387,417
16190,85,6,387,417
16200,85,6,388,417
16210,85,6,388,417
16220,85,6,389,417
16230,85,6,389,417
16240,100,5,385,423
16250,100,5,385,423
16260,100,5,386,423
16270,100,5,386,423
16280,100,5,387,423
16290,100,5,387,423
16300,100,5,388,423
16310,100,5,388,423
16320,100,5,389,423
16330,100,5,389,423
16340,100,5,390,423
16350,100,5,390,423
16360,100,5,391,423
16370,100,5,391,423
16380,100,5,392,423
16390,100,5,392,423
16400,100,5,393,423
16410,100,5,393,423
16420,100,5,394,423
16430,100,5,394,423
16440,75,5,390,428
16450,75,5,390,428
16460,75,5,391,428
16470,75,5,391,428
16480,75,5,392,428
16490,75,5,392,428
16500,75,5,393,428
16510,75,5,393,428
16520,75,5,394,428
16530,75,5,394,428
16540,75,5,395,428
16550,75,5,395,428
16560,75,5,396,428
16570,75,5,396,428
16580,75,5,397,428
16590,75,5,397,428
16600,75,5,398,428
16610,75,5,398,428
16620,75,5,399,428
16630,75,5,399,428
16640,95,7,393,433
16650,95,7,393,433
16660,95,7,394,433
16670,95,7,394,433
16680,95,7,395,433
16690,95,7,395,433
16700,95,7,396,433
16710,95,7,396,433
16720,95,7,397,433
16730,95,7,397,433
16740,95,7,398,433
16750,95,7,398,433
16760,95,7,399,433
16770,95,7,399,433
16780,95,7,400,433
16790,95,7,400,433
16800,95,7,401,433
16810,95,7,401,433
16820,95,7,402,433
16830,95,7,402,433
16840,100,5,398,440
16850,100,5,398,440
16860,100,5,399,440
16870,100,5,399,440
16880,100,5,400,440
16890,100,5,400,440
16900,100,5,401,440
16910,100,5,401,440
16920,100,5,402,440
16930,100,5,402,440
16940,100,5,403,440
16950,100,5,403,440
16960,100,5,404,440
16970,100,5,404,440
16980,100,5,405,440
16990,100,5,405,440
17000,100,5,406,440
17010,100,5,406,440
17020,100,5,407,440
17030,100,5,407,440
17040,80,8,400,445
17050,80,8,400,445
17060,80,8,401,445
17070,80,8,401,445
17080,80,8,402,445
17090,80,8,402,445
17100,80,8,403,445
17110,80,8,403,445
17120,80,8,404,445
17130,80,8,404,445
17140,80,8,405,445
17150,80,8,405,445
17160,80,8,406,445
17170,80,8,406,445
17180,80,8,407,445
17190,80,8,407,445
17200,80,8,408,445
17210,80,8,408,445
17220,80,8,409,445
17230,80,8,409,445
17240,90,4,406,453
17250,90,4,406,453
17260,90,4,407,453
17270,90,4,407,453
17280,90,4,408,453
17290,90,4,408,453
17300,90,4,409,453
17310,90,4,409,453
17320,90,4,410,453
17330,90,4,410,453
17340,90,4,411,453
17350,90,4,411,453
17360,90,4,412,453
17370,90,4,412,453
17380,90,4,413,453
17390,90,4,413,453
17400,90,4,414,453
17410,90,4,414,453
17420,90,4,415,453
17430,90,4,415,453
17440,95,7,409,457
17450,95,7,409,457
17460,95,7,410,457
17470,95,7,410,457
17480,95,7,411,457
17490,95,7,411,457
17500,95,7,412,457
17510,95,7,412,457
17520,95,7,413,457
17530,95,7,413,457
17540,95,7,414,457
17550,95,7,414,457
17560,95,7,415,457
17570,95,7,415,457
17580,95,7,416,457
17590,95,7,416,457
17600,95,7,417,457
17610,95,7,417,457
17620,95,7,418,457
17630,95,7,418,457
17640,95,7,412,464
17650,95,7,412,464
17660,95,7,413,464
17670,95,7,413,464
17680,95,7,414,464
17690,95,7,414,464
17700,95,7,415,464
17710,95,7,415,464
17720,95,7,416,464
17730,95,7,416,464
17740,95,7,417,464
17750,95,7,417,464
17760,95,7,418,464
17770,95,7,418,464
17780,95,7,419,464
17790,95,7,419,464
17800,95,7,420,464
17810,95,7,420,464
17820,95,7,421,464
17830,95,7,421,464
17840,100,5,417,471
17850,100,5,417,471
17860,100,5,418,471
17870,100,5,418,471
17880,100,5,419,471
17890,100,5,419,471
17900,100,5,420,471
17910,100,5,420,471
17920,100,5,421,471
17930,100,5,421,471
17940,100,5,422,471
17950,100,5,422,471
17960,100,5,423,471
17970,100,5,423,471
17980,100,5,424,471
17990,100,5,424,471
18000,100,5,425,471
18010,100,5,425,471
18020,100,5,426,471
18030,100,5,426,471
18040,75,5,422,476
18050,75,5,422,476
18060,75,5,423,476
18070,75,5,423,476
18080,75,5,424,476
18090,75,5,424,476
18100,75,5,425,476
18110,75,5,425,476
18120,75,5,426,476
18130,75,5,426,476
18140,75,5,427,476
18150,75,5,427,476
18160,75,5,428,476
18170,75,5,428,476
18180,75,5,429,476
18190,75,5,429,476
18200,75,5,430,476
18210,75,5,430,476
18220,75,5,431,476
18230,75,5,431,476
18240,80,3,429,481
18250,80,3,429,481
18260,80,3,430,481
18270,80,3,430,481
18280,80,3,431,481
18290,80,3,431,481
18300,80,3,432,481
18310,80,3,432,481
18320,80,3,433,481
18330,80,3,433,481
18340,80,3,434,481
18350,80,3,434,481
18360,80,3,435,481
18370,80,3,435,481
18380,80,3,436,481
18390,80,3,436,481
18400,80,3,437,481
18410,80,3,437,481
18420,80,3,438,481
18430,80,3,438,481
18440,90,4,435,484
18450,90,4,435,484
18460,90,4,436,484
18470,90,4,436,484
18480,90,4,437,484
18490,90,4,437,484
18500,90,4,438,484
18510,90,4,438,484
18520,90,4,439,484
18530,90,4,439,484
18540,90,4,440,484
18550,90,4,440,484
18560,90,4,441,484
18570,90,4,441,484
18580,90,4,442,484
18590,90,4,442,484
18600,90,4,443,484
18610,90,4,443,484
18620,90,4,444,484
18630,90,4,444,484
18640,100,5,440,488
18650,100,5,440,488
18660,100,5,441,488
18670,100,5,441,488
18680,100,5,442,488
18690,100,5,442,488
18700,100,5,443,488
18710,100,5,443,488
18720,100,5,444,488
18730,100,5,444,488
18740,100,5,445,488
18750,100,5,445,488
18760,100,5,446,488
18770,100,5,446,488
18780,100,5,447,488
18790,100,5,447,488
18800,100,5,448,488
18810,100,5,448,488
18820,100,5,449,488
18830,100,5,449,488
18840,95,7,443,493
18850,95,7,443,493
18860,95,7,444,493
18870,95,7,444,493
18880,95,7,445,493
18890,95,7,445,493
18900,95,7,446,493
18910,95,7,446,493
18920,95,7,447,493
18930,95,7,447,493
18940,95,7,448,493
18950,95,7,448,493
18960,95,7,449,493
18970,95,7,449,493
18980,95,7,450,493
18990,95,7,450,493
19000,95,7,451,493
19010,95,7,451,493
19020,95,7,452,493
19030,95,7,452,493
19040,85,6,447,500
19050,85,6,447,500
19060,85,6,448,500
19070,85,6,448,500
19080,85,6,449,500
19090,85,6,449,500
19100,85,6,450,500
19110,85,6,450,500
19120,85,6,451,500
19130,85,6,451,500
19140,85,6,452,500
19150,85,6,452,500
19160,85,6,453,500
19170,85,6,453,500
19180,85,6,454,500
19190,85,6,454,500
19200,85,6,455,500
19210,85,6,455,500
19220,85,6,456,500
19230,85,6,456,500
19240,100,5,452,506
19250,100,5,452,506
19260,100,5,453,506
19270,100,5,453,506
19280,100,5,454,506
19290,100,5,454,506
19300,100,5,455,506
19310,100,5,455,506
19320,100,5,456,506
19330,100,5,456,506
19340,100,5,457,506
19350,100,5,457,506
19360,100,5,458,506
19370,100,5,458,506
19380,100,5,459,506
19390,100,5,459,506
19400,100,5,460,506
19410,100,5,460,506
19420,100,5,461,506
19430,100,5,461,506
19440,100,5,457,511
19450,100,5,457,511
19460,100,5,458,511
19470,100,5,458,511
19480,100,5,459,511
19490,100,5,459,511
19500,100,5,460,511
19510,100,5,460,511
19520,100,5,461,511
19530,100,5,461,511
19540,100,5,462,511
19550,100,5,462,511
19560,100,5,463,511
19570,100,5,463,511
19580,100,5,464,511
19590,100,5,464,511
19600,100,5,465,511
19610,100,5,465,511
19620,100,5,466,511
19630,100,5,466,511
19640,90,4,463,516
19650,90,4,463,516
19660,90,4,464,516
19670,90,4,464,516
19680,90,4,465,516
19690,90,4,465,516
19700,90,4,466,516
19710,90,4,466,516
19720,90,4,467,516
19730,90,4,467,516
19740,90,4,468,516
19750,90,4,468,516
19760,90,4,469,516
19770,90,4,469,516
19780,90,4,470,516
19790,90,4,470,516
19800,90,4,471,516
19810,90,4,471,516
19820,90,4,472,516
19830,90,4,472,516
19840,90,4,469,520
19850,90,4,469,520
19860,90,4,470,520
19870,90,4,470,520
19880,90,4,471,520
19890,90,4,471,520
19900,90,4,472,520
19910,90,4,472,520
19920,90,4,473,520
19930,90,4,473,520
19940,90,4,474,520
19950,90,4,474,520
19960,90,4,475,520
19970,90,4,475,520
19980,90,4,476,520
19990,90,4,476,520
20000,90,4,476,520
20010,90,4,476,520
20020,90,4,476,520
20030,90,4,476,520
20040,85,6,470,524
20050,85,6,470,524
20060,85,6,470,524
20070,85,6,470,524
20080,85,6,470,524
20090,85,6,470,524
20100,85,6,470,524
20110,85,6,470,524
20120,85,6,470,524
20130,85,6,470,524
20140,85,6,470,524
20150,85,6,470,524
20160,85,6,470,524
20170,85,6,470,524
20180,85,6,470,524
20190,85,6,470,524
20200,85,6,470,524
20210,85,6,470,524
20220,85,6,470,524
20230,85,6,470,524
20240,90,4,466,530
20250,90,4,466,530
20260,90,4,466,530
20270,90,4,466,530
20280,90,4,466,530
20290,90,4,466,530
20300,90,4,466,530
20310,90,4,466,530
20320,90,4,466,530
20330,90,4,466,530
20340,90,4,466,530
20350,90,4,466,530
20360,90,4,466,530
20370,90,4,466,530
20380,90,4,466,530
20390,90,4,466,530
20400,90,4,466,530
20410,90,4,466,530
20420,90,4,466,530
20430,90,4,466,530
20440,100,5,461,534
20450,100,5,461,534
20460,100,5,461,534
20470,100,5,461,534
20480,100,5,461,534
20490,100,5,461,534
20500,100,5,461,534
20510,100,5,461,534
20520,100,5,461,534
20530,100,5,461,534
20540,100,5,461,534
20550,100,5,461,534
20560,100,5,461,534
20570,100,5,461,534
20580,100,5,461,534
20590,100,5,461,534
20600,100,5,461,534
20610,100,5,461,534
20620,100,5,461,534
20630,100,5,461,534
20640,80,8,453,539
20650,80,8,453,539
20660,80,8,453,539
20670,80,8,453,539
20680,80,8,453,539
20690,80,8,453,539
20700,80,8,453,539
20710,80,8,453,539
20720,80,8,453,539
20730,80,8,453,539
20740,80,8,453,539
20750,80,8,453,539
20760,80,8,453,539
20770,80,8,453,539
20780,80,8,453,539
20790,80,8,453,539
20800,80,8,453,539
20810,80,8,453,539
20820,80,8,453,539
20830,80,8,453,539
20840,95,7,446,547
20850,95,7,446,547
20860,95,7,446,547
20870,95,7,446,547
20880,95,7,446,547
20890,95,7,446,547
20900,95,7,446,547
20910,95,7,446,547
20920,95,7,446,547
20930,95,7,446,547
20940,95,7,446,547
20950,95,7,446,547
20960,95,7,446,547
20970,95,7,446,547
20980,95,7,446,547
20990,95,7,446,547
21000,95,7,446,547
21010,95,7,446,547
21020,95,7,446,547
21030,95,7,446,547
21040,95,7,439,554
21050,95,7,439,554
21060,95,7,439,554
21070,95,7,439,554
21080,95,7,439,554
21090,95,7,439,554
21100,95,7,439,554
21110,95,7,439,554
21120,95,7,439,554
21130,95,7,439,554
21140,95,7,439,554
21150,95,7,439,554
21160,95,7,439,554
21170,95,7,439,554
21180,95,7,439,554
21190,95,7,439,554
21200,95,7,439,554
21210,95,7,439,554
21220,95,7,439,554
21230,95,7,439,554
21240,100,5,434,561
21250,100,5,434,561
21260,100,5,434,561
21270,100,5,434,561
21280,100,5,434,561
21290,100,5,434,561
21300,100,5,434,561
21310,100,5,434,561
21320,100,5,434,561
21330,100,5,434,561
21340,100,5,434,561
21350,100,5,434,561
21360,100,5,434,561
21370,100,5,434,561
21380,100,5,434,561
21390,100,5,434,561
21400,100,5,434,561
21410,100,5,434,561
21420,100,5,434,561
21430,100,5,434,561
21440,90,4,430,566
21450,90,4,430,566
21460,90,4,430,566
21470,90,4,430,566
21480,90,4,430,566
21490,90,4,430,566
21500,90,4,430,566
21510,90,4,430,566
21520,90,4,430,566
21530,90,4,430,566
21540,90,4,430,566
21550,90,4,430,566
21560,90,4,430,566
21570,90,4,430,566
21580,90,4,430,566
21590,90,4,430,566
21600,90,4,430,566
21610,90,4,430,566
21620,90,4,430,566
21630,90,4,430,566
21640,100,5,425,570
21650,100,5,425,570
21660,100,5,425,570
21670,100,5,425,570
21680,100,5,425,570
21690,100,5,425,570
21700,100,5,425,570
21710,100,5,425,570
21720,100,5,425,570
21730,100,5,425,570
21740,100,5,425,570
21750,100,5,425,570
21760,100,5,425,570
21770,100,5,425,570
21780,100,5,425,570
21790,100,5,425,570
21800,100,5,425,570
21810,100,5,425,570
21820,100,5,425,570
21830,100,5,425,570
21840,95,7,418,575
21850,95,7,418,575
21860,95,7,418,575
21870,95,7,418,575
21880,95,7,418,575
21890,95,7,418,575
21900,95,7,418,575
21910,95,7,418,575
21920,95,7,418,575
21930,95,7,418,575
21940,95,7,418,575
21950,95,7,418,575
21960,95,7,418,575
21970,95,7,418,575
21980,95,7,418,575
21990,95,7,418,575
22000,95,7,418,575
22010,95,7,418,575
22020,95,7,418,575
22030,95,7,418,575
22040,100,5,413,582
22050,100,5,413,582
22060,100,5,413,582
22070,100,5,413,582
22080,100,5,413,582
22090,100,5,413,582
22100,100,5,413,582
22110,100,5,413,582
22120,100,5,413,582
22130,100,5,413,582
22140,100,5,413,582
22150,100,5,413,582
22160,100,5,413,582
22170,100,5,413,582
22180,100,5,413,582
22190,100,5,413,582
22200,100,5,413,582
22210,100,5,413,582
22220,100,5,413,582
22230,100,5,413,582
22240,100,5,408,587
22250,100,5,408,587
22260,100,5,408,587
22270,100,5,408,587
22280,100,5,408,587
22290,100,5,408,587
22300,100,5,408,587
22310,100,5,408,587
22320,100,5,408,587
22330,100,5,408,587
22340,100,5,408,587
22350,100,5,408,587
22360,100,5,408,587
22370,100,5,408,587
22380,100,5,408,587
22390,100,5,408,587
22400,100,5,408,587
22410,100,5,408,587
22420,100,5,408,587
22430,100,5,408,587
22440,75,5,403,592
22450,75,5,403,592
22460,75,5,403,592
22470,75,5,403,592
22480,75,5,403,592
22490,75,5,403,592
22500,75,5,403,592
22510,75,5,403,592
22520,75,5,403,592
22530,75,5,403,592
22540,75,5,403,592
22550,75,5,403,592
22560,75,5,403,592
22570,75,5,403,592
22580,75,5,403,592
22590,75,5,403,592
22600,75,5,403,592
22610,75,5,403,592
22620,75,5,403,592
22630,75,5,403,592
22640,90,4,399,597
22650,90,4,399,597
22660,90,4,399,597
22670,90,4,399,597
22680,90,4,399,597
22690,90,4,399,597
22700,90,4,399,597
22710,90,4,399,597
22720,90,4,399,597
22730,90,4,399,597
22740,90,4,399,597
22750,90,4,399,597
22760,90,4,399,597
22770,90,4,399,597
22780,90,4,399,597
22790,90,4,399,597
22800,90,4,399,597
22810,90,4,399,597
22820,90,4,399,597
22830,90,4,399,597
22840,70,2,397,601
22850,70,2,397,601
22860,70,2,397,601
22870,70,2,397,601
22880,70,2,397,601
22890,70,2,397,601
22900,70,2,397,601
22910,70,2,397,601
22920,70,2,397,601
22930,70,2,397,601
22940,70,2,397,601
22950,70,2,397,601
22960,70,2,397,601
22970,70,2,397,601
22980,70,2,397,601
22990,70,2,397,601
23000,70,2,397,601
23010,70,2,397,601
23020,70,2,397,601
23030,70,2,397,601
23040,85,6,391,603
23050,85,6,391,603
23060,85,6,391,603
23070,85,6,391,603
23080,85,6,391,603
23090,85,6,391,603
23100,85,6,391,603
23110,85,6,391,603
23120,85,6,391,603
23130,85,6,391,603
23140,85,6,391,603
23150,85,6,391,603
23160,85,6,391,603
23170,85,6,391,603
23180,85,6,391,603
23190,85,6,391,603
23200,85,6,391,603
23210,85,6,391,603
23220,85,6,391,603
23230,85,6,391,603
23240,70,2,389,609
23250,70,2,389,609
23260,70,2,389,609
23270,70,2,389,609
23280,70,2,389,609
23290,70,2,389,609
23300,70,2,389,609
23310,70,2,389,609
23320,70,2,389,609
23330,70,2,389,609
23340,70,2,389,609
23350,70,2,389,609
23360,70,2,389,609
23370,70,2,389,609
23380,70,2,389,609
23390,70,2,389,609
23400,70,2,389,609
23410,70,2,389,609
23420,70,2,389,609
23430,70,2,389,609
23440,70,2,387,611
23450,70,2,387,611
23460,70,2,387,611
23470,70,2,387,611
23480,70,2,387,611
23490,70,2,387,611
23500,70,2,387,611
23510,70,2,387,611
23520,70,2,387,611
23530,70,2,387,611
23540,70,2,387,611
23550,70,2,387,611
23560,70,2,387,611
23570,70,2,387,611
23580,70,2,387,611
23590,70,2,387,611
23600,70,2,387,611
23610,70,2,387,611
23620,70,2,387,611
23630,70,2,387,611
23640,100,5,382,613
23650,100,5,382,613
23660,100,5,382,613
23670,100,5,382,613
23680,100,5,382,613
23690,100,5,382,613
23700,100,5,382,613
23710,100,5,382,613
23720,100,5,382,613
23730,100,5,382,613
23740,100,5,382,613
23750,100,5,382,613
23760,100,5,382,613
23770,100,5,382,613
23780,100,5,382,613
23790,100,5,382,613
23800,100,5,382,613
23810,100,5,382,613
23820,100,5,382,613
23830,100,5,382,613
23840,95,7,375,618
23850,95,7,375,618
23860,95,7,375,618
23870,95,7,375,618
23880,95,7,375,618
23890,95,7,375,618
23900,95,7,375,618
23910,95,7,375,618
23920,95,7,375,618
23930,95,7,375,618
23940,95,7,375,618
23950,95,7,375,618
23960,95,7,375,618
23970,95,7,375,618
23980,95,7,375,618
23990,95,7,375,618
24000,95,7,375,618
24010,95,7,375,618
24020,95,7,375,618
24030,95,7,375,618
24040,95,7,368,625
24050,95,7,368,625
24060,95,7,368,625
24070,95,7,368,625
24080,95,7,368,625
24090,95,7,368,625
24100,95,7,368,625
24110,95,7,368,625
24120,95,7,368,625
24130,95,7,368,625
24140,95,7,368,625
24150,95,7,368,625
24160,95,7,368,625
24170,95,7,368,625
24180,95,7,368,625
24190,95,7,368,625
24200,95,7,368,625
24210,95,7,368,625
24220,95,7,368,625
24230,95,7,368,625
24240,75,5,363,632
24250,75,5,363,632
24260,75,5,363,632
24270,75,5,363,632
24280,75,5,363,632
24290,75,5,363,632
24300,75,5,363,632
24310,75,5,363,632
24320,75,5,363,632
24330,75,5,363,632
24340,75,5,363,632
24350,75,5,363,632
24360,75,5,363,632
24370,75,5,363,632
24380,75,5,363,632
24390,75,5,363,632
24400,75,5,363,632
24410,75,5,363,632
24420,75,5,363,632
24430,75,5,363,632
24440,75,5,358,637
24450,75,5,358,637
24460,75,5,358,637
24470,75,5,358,637
24480,75,5,358,637
24490,75,5,358,637
24500,75,5,358,637
24510,75,5,358,637
24520,75,5,358,637
24530,75,5,358,637
24540,75,5,358,637
24550,75,5,358,637
24560,75,5,358,637
24570,75,5,358,637
24580,75,5,358,637
24590,75,5,358,637
24600,75,5,358,637
24610,75,5,358,637
24620,75,5,358,637
24630,75,5,358,637
24640,100,5,353,642
24650,100,5,353,642
24660,100,5,353,642
24670,100,5,353,642
24680,100,5,353,642
24690,100,5,353,642
24700,100,5,353,642
24710,100,5,353,642
24720,100,5,353,642
24730,100,5,353,642
24740,100,5,353,642
24750,100,5,353,642
24760,100,5,353,642
24770,100,5,353,642
24780,100,5,353,642
24790,100,5,353,642
24800,100,5,353,642
24810,100,5,353,642
24820,100,5,353,642
24830,100,5,353,642
24840,90,4,349,647
24850,90,4,349,647
24860,90,4,349,647
24870,90,4,349,647
24880,90,4,349,647
24890,90,4,349,647
24900,90,4,349,647
24910,90,4,349,647
24920,90,4,349,647
24930,90,4,349,647
24940,90,4,349,647
24950,90,4,349,647
24960,90,4,349,647
24970,90,4,349,647
24980,90,4,349,647
24990,90,4,349,647
25000,90,4,349,647
25010,90,4,349,647
25020,90,4,349,647
25030,90,4,349,647
25040,70,2,347,651
25050,70,2,347,651
25060,70,2,347,651
25070,70,2,347,651
25080,70,2,347,651
25090,70,2,347,651
25100,70,2,347,651
25110,70,2,347,651
25120,70,2,347,651
25130,70,2,347,651
25140,70,2,347,651
25150,70,2,347,651
25160,70,2,347,651
25170,70,2,347,651
25180,70,2,347,651
25190,70,2,347,651
25200,70,2,347,651
25210,70,2,347,651
25220,70,2,347,651
25230,70,2,347,651
25240,95,7,340,653
25250,95,7,340,653
25260,95,7,340,653
25270,95,7,340,653
25280,95,7,340,653
25290,95,7,340,653
25300,95,7,340,653
25310,95,7,340,653
25320,95,7,340,653
25330,95,7,340,653
25340,95,7,340,653
25350,95,7,340,653
25360,95,7,340,653
25370,95,7,340,653
25380,95,7,340,653
25390,95,7,340,653
25400,95,7,340,653
25410,95,7,340,653
25420,95,7,340,653
25430,95,7,340,653
25440,95,7,333,660
25450,95,7,333,660
25460,95,7,333,660
25470,95,7,333,660
25480,95,7,333,660
25490,95,7,333,660
25500,95,7,333,660
25510,95,7,333,660
25520,95,7,333,660
25530,95,7,333,660
25540,95,7,333,660
25550,95,7,333,660
25560,95,7,333,660
25570,95,7,333,660
25580,95,7,333,660
25590,95,7,333,660
25600,95,7,333,660
25610,95,7,333,660
25620,95,7,333,660
25630,95,7,333,660
25640,100,5,328,667
25650,100,5,328,667
25660,100,5,328,667
25670,100,5,328,667
25680,100,5,328,667
25690,100,5,328,667
25700,100,5,328,667
25710,100,5,328,667
25720,100,5,328,667
25730,100,5,328,667
25740,100,5,328,667
25750,100,5,328,667
25760,100,5,328,667
25770,100,5,328,667
25780,100,5,328,667
25790,100,5,328,667
25800,100,5,328,667
25810,100,5,328,667
25820,100,5,328,667
25830,100,5,328,667
25840,100,5,323,672
25850,100,5,323,672
25860,100,5,323,672
25870,100,5,323,672
25880,100,5,323,672
25890,100,5,323,672
25900,100,5,323,672
25910,100,5,323,672
25920,100,5,323,672
25930,100,5,323,672
25940,100,5,323,672
25950,100,5,323,672
25960,100,5,323,672
25970,100,5,323,672
25980,100,5,323,672
25990,100,5,323,672
26000,100,5,323,672
26010,100,5,323,672
26020,100,5,323,672
26030,100,5,323,672
26040,70,7,316,677
26050,70,7,316,677
26060,70,7,316,677
26070,70,7,316,677
26080,70,7,316,677
26090,70,7,316,677
26100,70,7,316,677
26110,70,7,316,677
26120,70,7,316,677
26130,70,7,316,677
26140,70,7,316,677
26150,70,7,316,677
26160,70,7,316,677
26170,70,7,316,677
26180,70,7,316,677
26190,70,7,316,677
26200,70,7,316,677
26210,70,7,316,677
26220,70,7,316,677
26230,70,7,316,677
26240,90,4,312,684
26250,90,4,312,684
26260,90,4,312,684
26270,90,4,312,684
26280,90,4,312,684
26290,90,4,312,684
26300,90,4,312,684
26310,90,4,312,684
26320,90,4,312,684
26330,90,4,312,684
26340,90,4,312,684
26350,90,4,312,684
26360,90,4,312,684
26370,90,4,312,684
26380,90,4,312,684
26390,90,4,312,684
26400,90,4,312,684
26410,90,4,312,684
26420,90,4,312,684
26430,90,4,312,684
26440,100,5,307,688
26450,100,5,307,688
26460,100,5,307,688
26470,100,5,307,688
26480,100,5,307,688
26490,100,5,307,688
26500,100,5,307,688
26510,100,5,307,688
26520,100,5,307,688
26530,100,5,307,688
26540,100,5,307,688
26550,100,5,307,688
26560,100,5,307,688
26570,100,5,307,688
26580,100,5,307,688
26590,100,5,307,688
26600,100,5,307,688
26610,100,5,307,688
26620,100,5,307,688
26630,100,5,307,688
26640,90,4,303,693
26650,90,4,303,693
26660,90,4,303,693
26670,90,4,303,693
26680,90,4,303,693
26690,90,4,303,693
26700,90,4,303,693
26710,90,4,303,693
26720,90,4,303,693
26730,90,4,303,693
26740,90,4,303,693
26750,90,4,303,693
26760,90,4,303,693
26770,90,4,303,693
26780,90,4,303,693
26790,90,4,303,693
26800,90,4,303,693
26810,90,4,303,693
26820,90,4,303,693
26830,90,4,303,693
26840,85,6,297,697
26850,85,6,297,697
26860,85,6,297,697
26870,85,6,297,697
26880,85,6,297,697
26890,85,6,297,697
26900,85,6,297,697
26910,85,6,297,697
26920,85,6,297,697
26930,85,6,297,697
26940,85,6,297,697
26950,85,6,297,697
26960,85,6,297,697
26970,85,6,297,697
26980,85,6,297,697
26990,85,6,297,697
27000,85,6,297,697
27010,85,6,297,697
27020,85,6,297,697
27030,85,6,297,697
27040,80,3,294,703
27050,80,3,294,703
27060,80,3,294,703
27070,80,3,294,703
27080,80,3,294,703
27090,80,3,294,703
27100,80,3,294,703
27110,80,3,294,703
27120,80,3,294,703
27130,80,3,294,703
27140,80,3,294,703
27150,80,3,294,703
27160,80,3,294,703
27170,80,3,294,703
27180,80,3,294,703
27190,80,3,294,703
27200,80,3,294,703
27210,80,3,294,703
27220,80,3,294,703
27230,80,3,294,703
27240,100,5,289,706
27250,100,5,289,706
27260,100,5,289,706
27270,100,5,289,706
27280,100,5,289,706
27290,100,5,289,706
27300,100,5,289,706
27310,100,5,289,706
27320,100,5,289,706
27330,100,5,289,706
27340,100,5,289,706
27350,100,5,289,706
27360,100,5,289,706
27370,100,5,289,706
27380,100,5,289,706
27390,100,5,289,706
27400,100,5,289,706
27410,100,5,289,706
27420,100,5,289,706
27430,100,5,289,706
27440,85,6,283,711
27450,85,6,283,711
27460,85,6,283,711
27470,85,6,283,711
27480,85,6,283,711
27490,85,6,283,711
27500,85,6,283,711
27510,85,6,283,711
27520,85,6,283,711
27530,85,6,283,711
27540,85,6,283,711
27550,85,6,283,711
27560,85,6,283,711
27570,85,6,283,711
27580,85,6,283,711
27590,85,6,283,711
27600,85,6,283,711
27610,85,6,283,711
27620,85,6,283,711
27630,85,6,283,711
27640,100,5,278,717
27650,100,5,278,717
27660,100,5,278,717
27670,100,5,278,717
27680,100,5,278,717
27690,100,5,278,717
27700,100,5,278,717
27710,100,5,278,717
27720,100,5,278,717
27730,100,5,278,717
27740,100,5,278,717
27750,100,5,278,717
27760,100,5,278,717
27770,100,5,278,717
27780,100,5,278,717
27790,100,5,278,717
27800,100,5,278,717
27810,100,5,278,717
27820,100,5,278,717
27830,100,5,278,717
27840,100,5,273,722
27850,100,5,273,722
27860,100,5,273,722
27870,100,5,273,722
27880,100,5,273,722
27890,100,5,273,722
27900,100,5,273,722
27910,100,5,273,722
27920,100,5,273,722
27930,100,5,273,722
27940,100,5,273,722
27950,100,5,273,722
27960,100,5,273,722
27970,100,5,273,722
27980,100,5,273,722
27990,100,5,273,722
28000,100,5,273,722
28010,100,5,273,722
28020,100,5,273,722
28030,100,5,273,722
28040,80,3,270,727
28050,80,3,270,727
28060,80,3,270,727
28070,80,3,270,727
28080,80,3,270,727
28090,80,3,270,727
28100,80,3,270,727
28110,80,3,270,727
28120,80,3,270,727
28130,80,3,270,727
28140,80,3,270,727
28150,80,3,270,727
28160,80,3,270,727
28170,80,3,270,727
28180,80,3,270,727
28190,80,3,270,727
28200,80,3,270,727
28210,80,3,270,727
28220,80,3,270,727
28230,80,3,270,727
28240,80,3,267,730
28250,80,3,267,730
28260,80,3,267,730
28270,80,3,267,730
28280,80,3,267,730
28290,80,3,267,730
28300,80,3,267,730
28310,80,3,267,730
28320,80,3,267,730
28330,80,3,267,730
28340,80,3,267,730
28350,80,3,267,730
28360,80,3,267,730
28370,80,3,267,730
28380,80,3,267,730
28390,80,3,267,730
28400,80,3,267,730
28410,80,3,267,730
28420,80,3,267,730
28430,80,3,267,730
28440,70,2,265,733
28450,70,2,265,733
28460,70,2,265,733
28470,70,2,265,733
28480,70,2,265,733
28490,70,2,265,733
28500,70,2,265,733
28510,70,2,265,733
28520,70,2,265,733
28530,70,2,265,733
28540,70,2,265,733
28550,70,2,265,733
28560,70,2,265,733
28570,70,2,265,733
28580,70,2,265,733
28590,70,2,265,733
28600,70,2,265,733
28610,70,2,265,733
28620,70,2,265,733
28630,70,2,265,733
28640,95,7,258,735
28650,95,7,258,735
28660,95,7,258,735
28670,95,7,258,735
28680,95,7,258,735
28690,95,7,258,735
28700,95,7,258,735
28710,95,7,258,735
28720,95,7,258,735
28730,95,7,258,735
28740,95,7,258,735
28750,95,7,258,735
28760,95,7,258,735
28770,95,7,258,735
28780,95,7,258,735
28790,95,7,258,735
28800,95,7,258,735
28810,95,7,258,735
28820,95,7,258,735
28830,95,7,258,735
28840,75,5,253,742
28850,75,5,253,742
28860,75,5,253,742
28870,75,5,253,742
28880,75,5,253,742
28890,75,5,253,742
28900,75,5,253,742
28910,75,5,253,742
28920,75,5,253,742
28930,75,5,253,742
28940,75,5,253,742
28950,75,5,253,742
28960,75,5,253,742
28970,75,5,253,742
28980,75,5,253,742
28990,75,5,253,742
29000,75,5,253,742
29010,75,5,253,742
29020,75,5,253,742
29030,75,5,253,742
29040,80,3,250,747
29050,80,3,250,747
29060,80,3,250,747
29070,80,3,250,747
29080,80,3,250,747
29090,80,3,250,747
29100,80,3,250,747
29110,80,3,250,747
29120,80,3,250,747
29130,80,3,250,747
29140,80,3,250,747
29150,80,3,250,747
29160,80,3,250,747
29170,80,3,250,747
29180,80,3,250,747
29190,80,3,250,747
29200,80,3,250,747
29210,80,3,250,747
29220,80,3,250,747
29230,80,3,250,747
29240,100,5,245,750
29250,100,5,245,750
29260,100,5,245,750
29270,100,5,245,750
29280,100,5,245,750
29290,100,5,245,750
29300,100,5,245,750
29310,100,5,245,750
29320,100,5,245,750
29330,100,5,245,750
29340,100,5,245,750
29350,100,5,245,750
29360,100,5,245,750
29370,100,5,245,750
29380,100,5,245,750
29390,100,5,245,750
29400,100,5,245,750
29410,100,5,245,750
29420,100,5,245,750
29430,100,5,245,750
29440,85,6,239,755
29450,85,6,239,755
29460,85,6,239,755
29470,85,6,239,755
29480,85,6,239,755
29490,85,6,239,755
29500,85,6,239,755
29510,85,6,239,755
29520,85,6,239,755
29530,85,6,239,755
29540,85,6,239,755
29550,85,6,239,755
29560,85,6,239,755
29570,85,6,239,755
29580,85,6,239,755
29590,85,6,239,755
29600,85,6,239,755
29610,85,6,239,755
29620,85,6,239,755
29630,85,6,239,755
29640,100,5,234,761
29650,100,5,234,761
29660,100,5,234,761
29670,100,5,234,761
29680,100,5,234,761
29690,100,5,234,761
29700,100,5,234,761
29710,100,5,234,761
29720,100,5,234,761
29730,100,5,234,761
29740,100,5,234,761
29750,100,5,234,761
29760,100,5,234,761
29770,100,5,234,761
29780,100,5,234,761
29790,100,5,234,761
29800,100,5,234,761
29810,100,5,234,761
29820,100,5,234,761
29830,100,5,234,761
29840,70,2,232,766
29850,70,2,232,766
29860,70,2,232,766
29870,70,2,232,766
29880,70,2,232,766
29890,70,2,232,766
29900,70,2,232,766
29910,70,2,232,766
29920,70,2,232,766
29930,70,2,232,766
29940,70,2,232,766
29950,70,2,232,766
29960,70,2,232,766
29970,70,2,232,766
29980,70,2,232,766
29990,70,2,232,766
30000,70,2,232,766
30010,70,2,232,766
30020,70,2,232,766
30030,70,2,232,766
30040,100,5,227,768
30050,100,5,227,768
30060,100,5,227,768
30070,100,5,227,768
30080,100,5,227,768
30090,100,5,227,768
30100,100,5,227,768
30110,100,5,227,768
30120,100,5,227,768
30130,100,5,227,768
30140,100,5,227,768
30150,100,5,227,768
30160,100,5,227,768
30170,100,5,227,768
30180,100,5,227,768
30190,100,5,227,768
30200,100,5,227,768
30210,100,5,227,768
30220,100,5,227,768
30230,100,5,227,768
30240,100,5,222,773
30250,100,5,222,773
30260,100,5,222,773
30270,100,5,222,773
30280,100,5,222,773
30290,100,5,222,773
30300,100,5,222,773
30310,100,5,222,773
30320,100,5,222,773
30330,100,5,222,773
30340,100,5,222,773
30350,100,5,222,773
30360,100,5,222,773
30370,100,5,222,773
30380,100,5,222,773
30390,100,5,222,773
30400,100,5,222,773
30410,100,5,222,773
30420,100,5,222,773
30430,100,5,222,773
30440,95,7,215,778
30450,95,7,215,778
30460,95,7,215,778
30470,95,7,215,778
30480,95,7,215,778
30490,95,7,215,778
30500,95,7,215,778
30510,95,7,215,778
30520,95,7,215,778
30530,95,7,215,778
30540,95,7,215,778
30550,95,7,215,778
30560,95,7,215,778
30570,95,7,215,778
30580,95,7,215,778
30590,95,7,215,778
30600,95,7,215,778
30610,95,7,215,778
30620,95,7,215,778
30630,95,7,215,778
30640,100,5,210,785
30650,100,5,210,785
30660,100,5,210,785
30670,100,5,210,785
30680,100,5,210,785
30690,100,5,210,785
30700,100,5,210,785
30710,100,5,210,785
30720,100,5,210,785
30730,100,5,210,785
30740,100,5,210,785
30750,100,5,210,785
30760,100,5,210,785
30770,100,5,210,785
30780,100,5,210,785
30790,100,5,210,785
30800,100,5,210,785
30810,100,5,210,785
30820,100,5,210,785
30830,100,5,210,785
30840,95,7,203,790
30850,95,7,203,790
30860,95,7,203,790
30870,95,7,203,790
30880,95,7,203,790
30890,95,7,203,790
30900,95,7,203,790
30910,95,7,203,790
30920,95,7,203,790
30930,95,7,203,790
30940,95,7,203,790
30950,95,7,203,790
30960,95,7,203,790
30970,95,7,203,790
30980,95,7,203,790
30990,95,7,203,790
31000,95,7,203,790
31010,95,7,203,790
31020,95,7,203,790
31030,95,7,203,790
31040,75,5,198,797
31050,75,5,198,797
31060,75,5,198,797
31070,75,5,198,797
31080,75,5,198,797
31090,75,5,198,797
31100,75,5,198,797
31110,75,5,198,797
31120,75,5,198,797
31130,75,5,198,797
31140,75,5,198,797
31150,75,5,198,797
31160,75,5,198,797
31170,75,5,198,797
31180,75,5,198,797
31190,75,5,198,797
31200,75,5,198,797
31210,75,5,198,797
31220,75,5,198,797
31230,75,5,198,797
31240,95,7,191,802
31250,95,7,191,802
31260,95,7,191,802
31270,95,7,191,802
31280,95,7,191,802
31290,95,7,191,802
31300,95,7,191,802
31310,95,7,191,802
31320,95,7,191,802
31330,95,7,191,802
31340,95,7,191,802
31350,95,7,191,802
31360,95,7,191,802
31370,95,7,191,802
31380,95,7,191,802
31390,95,7,191,802
31400,95,7,191,802
31410,95,7,191,802
31420,95,7,191,802
31430,95,7,191,802
31440,85,6,185,809
31450,85,6,185,809
31460,85,6,185,809
31470,85,6,185,809
31480,85,6,185,809
31490,85,6,185,809
31500,85,6,185,809
31510,85,6,185,809
31520,85,6,185,809
31530,85,6,185,809
31540,85,6,185,809
31550,85,6,185,809
31560,85,6,185,809
31570,85,6,185,809
31580,85,6,185,809
31590,85,6,185,809
31600,85,6,185,809
31610,85,6,185,809
31620,85,6,185,809
31630,85,6,185,809
31640,90,4,181,815
31650,90,4,181,815
31660,90,4,181,815
31670,90,4,181,815
31680,90,4,181,815
31690,90,4,181,815
31700,90,4,181,815
31710,90,4,181,815
31720,90,4,181,815
31730,90,4,181,815
31740,90,4,181,815
31750,90,4,181,815
31760,90,4,181,815
31770,90,4,181,815
31780,90,4,181,815
31790,90,4,181,815
31800,90,4,181,815
31810,90,4,181,815
31820,90,4,181,815
31830,90,4,181,815
31840,100,5,176,819
31850,100,5,176,819
31860,100,5,176,819
31870,100,5,176,819
31880,100,5,176,819
31890,100,5,176,819
31900,100,5,176,819
31910,100,5,176,819
31920,100,5,176,819
31930,100,5,176,819
31940,100,5,176,819
31950,100,5,176,819
31960,100,5,176,819
31970,100,5,176,819
31980,100,5,176,819
31990,100,5,176,819
32000,100,5,176,819
32010,100,5,176,819
32020,100,5,176,819
32030,100,5,176,819
32040,95,7,169,824
32050,95,7,169,824
32060,95,7,169,824
32070,95,7,169,824
32080,95,7,169,824
32090,95,7,169,824
32100,95,7,169,824
32110,95,7,169,824
32120,95,7,169,824
32130,95,7,169,824
32140,95,7,169,824
32150,95,7,169,824
32160,95,7,169,824
32170,95,7,169,824
32180,95,7,169,824
32190,95,7,169,824
32200,95,7,169,824
32210,95,7,169,824
32220,95,7,169,824
32230,95,7,169,824
32240,95,7,162,831
32250,95,7,162,831
32260,95,7,162,831
32270,95,7,162,831
32280,95,7,162,831
32290,95,7,162,831
32300,95,7,162,831
32310,95,7,162,831
32320,95,7,162,831
32330,95,7,162,831
32340,95,7,162,831
32350,95,7,162,831
32360,95,7,162,831
32370,95,7,162,831
32380,95,7,162,831
32390,95,7,162,831
32400,95,7,162,831
32410,95,7,162,831
32420,95,7,162,831
32430,95,7,162,831
32440,85,6,156,838
32450,85,6,156,838
32460,85,6,156,838
32470,85,6,156,838
32480,85,6,156,838
32490,85,6,156,838
32500,85,6,156,838
32510,85,6,156,838
32520,85,6,156,838
32530,85,6,156,838
32540,85,6,156,838
32550,85,6,156,838
32560,85,6,156,838
32570,85,6,156,838
32580,85,6,156,838
32590,85,6,156,838
32600,85,6,156,838
32610,85,6,156,838
32620,85,6,156,838
32630,85,6,156,838
32640,80,3,153,844
32650,80,3,153,844
32660,80,3,153,844
32670,80,3,153,844
32680,80,3,153,844
32690,80,3,153,844
32700,80,3,153,844
32710,80,3,153,844
32720,80,3,153,844
32730,80,3,153,844
32740,80,3,153,844
32750,80,3,153,844
32760,80,3,153,844
32770,80,3,153,844
32780,80,3,153,844
32790,80,3,153,844
32800,80,3,153,844
32810,80,3,153,844
32820,80,3,153,844
32830,80,3,153,844
32840,95,7,146,847
32850,95,7,146,847
32860,95,7,146,847
32870,95,7,146,847
32880,95,7,146,847
32890,95,7,146,847
32900,95,7,146,847
32910,95,7,146,847
32920,95,7,146,847
32930,95,7,146,847
32940,95,7,146,847
32950,95,7,146,847
32960,95,7,146,847
32970,95,7,146,847
32980,95,7,146,847
32990,95,7,146,847
33000,95,7,146,847
33010,95,7,146,847
33020,95,7,146,847
33030,95,7,146,847
33040,100,5,141,854
33050,100,5,141,854
33060,100,5,141,854
33070,100,5,141,854
33080,100,5,141,854
33090,100,5,141,854
33100,100,5,141,854
33110,100,5,141,854
33120,100,5,141,854
33130,100,5,141,854
33140,100,5,141,854
33150,100,5,141,854
33160,100,5,141,854
33170,100,5,141,854
33180,100,5,141,854
33190,100,5,141,854
33200,100,5,141,854
33210,100,5,141,854
33220,100,5,141,854
33230,100,5,141,854
33240,95,7,134,859
33250,95,7,134,859
33260,95,7,134,859
33270,95,7,134,859
33280,95,7,134,859
33290,95,7,134,859
33300,95,7,134,859
33310,95,7,134,859
33320,95,7,134,859
33330,95,7,134,859
33340,95,7,134,859
33350,95,7,134,859
33360,95,7,134,859
33370,95,7,134,859
33380,95,7,134,859
33390,95,7,134,859
33400,95,7,134,859
33410,95,7,134,859
33420,95,7,134,859
33430,95,7,134,859
33440,90,4,130,866
33450,90,4,130,866
33460,90,4,130,866
33470,90,4,130,866
33480,90,4,130,866
33490,90,4,130,866
33500,90,4,130,866
33510,90,4,130,866
33520,90,4,130,866
33530,90,4,130,866
33540,90,4,130,866
33550,90,4,130,866
33560,90,4,130,866
33570,90,4,130,866
33580,90,4,130,866
33590,90,4,130,866
33600,90,4,130,866
33610,90,4,130,866
33620,90,4,130,866
33630,90,4,130,866
33640,75,5,125,870
33650,75,5,125,870
33660,75,5,125,870
33670,75,5,125,870
33680,75,5,125,870
33690,75,5,125,870
33700,75,5,125,870
33710,75,5,125,870
33720,75,5,125,870
33730,75,5,125,870
33740,75,5,125,870
33750,75,5,125,870
33760,75,5,125,870
33770,75,5,125,870
33780,75,5,125,870
33790,75,5,125,870
33800,75,5,125,870
33810,75,5,125,870
33820,75,5,125,870
33830,75,5,125,870
33840,80,3,122,875
33850,80,3,122,875
33860,80,3,122,875
33870,80,3,122,875
33880,80,3,122,875
33890,80,3,122,875
33900,80,3,122,875
33910,80,3,122,875
33920,80,3,122,875
33930,80,3,122,875
33940,80,3,122,875
33950,80,3,122,875
33960,80,3,122,875
33970,80,3,122,875
33980,80,3,122,875
33990,80,3,122,875
34000,80,3,122,875
34010,80,3,122,875
34020,80,3,122,875
34030,80,3,122,875
34040,85,6,116,878
34050,85,6,116,878
34060,85,6,116,878
34070,85,6,116,878
34080,85,6,116,878
34090,85,6,116,878
34100,85,6,116,878
34110,85,6,116,878
34120,85,6,116,878
34130,85,6,116,878
34140,85,6,116,878
34150,85,6,116,878
34160,85,6,116,878
34170,85,6,116,878
34180,85,6,116,878
34190,85,6,116,878
34200,85,6,116,878
34210,85,6,116,878
34220,85,6,116,878
34230,85,6,116,878
34240,100,5,111,884
34250,100,5,111,884
34260,100,5,111,884
34270,100,5,111,884
34280,100,5,111,884
34290,100,5,111,884
34300,100,5,111,884
34310,100,5,111,884
34320,100,5,111,884
34330,100,5,111,884
34340,100,5,111,884
34350,100,5,111,884
34360,100,5,111,884
34370,100,5,111,884
34380,100,5,111,884
34390,100,5,111,884
34400,100,5,111,884
34410,100,5,111,884
34420,100,5,111,884
34430,100,5,111,884
34440,70,2,109,889
34450,70,2,109,889
34460,70,2,109,889
34470,70,2,109,889
34480,70,2,109,889
34490,70,2,109,889
34500,70,2,109,889
34510,70,2,109,889
34520,70,2,109,889
34530,70,2,109,889
34540,70,2,109,889
34550,70,2,109,889
34560,70,2,109,889
34570,70,2,109,889
34580,70,2,109,889
34590,70,2,109,889
34600,70,2,109,889
34610,70,2,109,889
34620,70,2,109,889
34630,70,2,109,889
34640,85,6,103,891
34650,85,6,103,891
34660,85,6,103,891
34670,85,6,103,891
34680,85,6,103,891
34690,85,6,103,891
34700,85,6,103,891
34710,85,6,103,891
34720,85,6,103,891
34730,85,6,103,891
34740,85,6,103,891
34750,85,6,103,891
34760,85,6,103,891
34770,85,6,103,891
34780,85,6,103,891
34790,85,6,103,891
34800,85,6,103,891
34810,85,6,103,891
34820,85,6,103,891
34830,85,6,103,891
34840,100,5,98,897
34850,100,5,98,897
34860,100,5,98,897
34870,100,5,98,897
34880,100,5,98,897
34890,100,5,98,897
34900,100,5,98,897
34910,100,5,98,897
34920,100,5,98,897
34930,100,5,98,897
34940,100,5,98,897
34950,100,5,98,897
34960,100,5,98,897
34970,100,5,98,897
34980,100,5,98,897
34990,100,5,98,897
35000,100,5,98,897
35010,100,5,98,897
35020,100,5,98,897
35030,100,5,98,897
35040,100,5,93,902
35050,100,5,93,902
35060,100,5,93,902
35070,100,5,93,902
35080,100,5,93,902
35090,100,5,93,902
35100,100,5,93,902
35110,100,5,93,902
35120,100,5,93,902
35130,100,5,93,902
35140,100,5,93,902
35150,100,5,93,902
35160,100,5,93,902
35170,100,5,93,902
35180,100,5,93,902
35190,100,5,93,902
35200,100,5,93,902
35210,100,5,93,902
35220,100,5,93,902
35230,100,5,93,902
35240,90,4,89,907
35250,90,4,89,907
35260,90,4,89,907
35270,90,4,89,907
35280,90,4,89,907
35290,90,4,89,907
35300,90,4,89,907
35310,90,4,89,907
35320,90,4,89,907
35330,90,4,89,907
35340,90,4,89,907
35350,90,4,89,907
35360,90,4,89,907
35370,90,4,89,907
35380,90,4,89,907
35390,90,4,89,907
35400,90,4,89,907
35410,90,4,89,907
35420,90,4,89,907
35430,90,4,89,907
35440,70,2,87,911
35450,70,2,87,911
35460,70,2,87,911
35470,70,2,87,911
35480,70,2,87,911
35490,70,2,87,911
35500,70,2,87,911
35510,70,2,87,911
35520,70,2,87,911
35530,70,2,87,911
35540,70,2,87,911
35550,70,2,87,911
35560,70,2,87,911
35570,70,2,87,911
35580,70,2,87,911
35590,70,2,87,911
35600,70,2,87,911
35610,70,2,87,911
35620,70,2,87,911
35630,70,2,87,911
35640,95,7,80,913
35650,95,7,80,913
35660,95,7,80,913
35670,95,7,80,913
35680,95,7,80,913
35690,95,7,80,913
35700,95,7,80,913
35710,95,7,80,913
35720,95,7,80,913
35730,95,7,80,913
35740,95,7,80,913
35750,95,7,80,913
35760,95,7,80,913
35770,95,7,80,913
35780,95,7,80,913
35790,95,7,80,913
35800,95,7,80,913
35810,95,7,80,913
35820,95,7,80,913
35830,95,7,80,913
35840,80,3,77,920
35850,80,3,77,920
35860,80,3,77,920
35870,80,3,77,920
35880,80,3,77,920
35890,80,3,77,920
35900,80,3,77,920
35910,80,3,77,920
35920,80,3,77,920
35930,80,3,77,920
35940,80,3,77,920
35950,80,3,77,920
35960,80,3,77,920
35970,80,3,77,920
35980,80,3,77,920
35990,80,3,77,920
36000,80,3,77,920
36010,80,3,77,920
36020,80,3,77,920
36030,80,3,77,920
36040,100,5,72,923
36050,100,5,72,923
36060,100,5,72,923
36070,100,5,72,923
36080,100,5,72,923
36090,100,5,72,923
36100,100,5,72,923
36110,100,5,72,923
36120,100,5,72,923
36130,100,5,72,923
36140,100,5,72,923
36150,100,5,72,923
36160,100,5,72,923
36170,100,5,72,923
36180,100,5,72,923
36190,100,5,72,923
36200,100,5,72,923
36210,100,5,72,923
36220,100,5,72,923
36230,100,5,72,923
36240,95,7,65,928
36250,95,7,65,928
36260,95,7,65,928
36270,95,7,65,928
36280,95,7,65,928
36290,95,7,65,928
36300,95,7,65,928
36310,95,7,65,928
36320,95,7,65,928
36330,95,7,65,928
36340,95,7,65,928
36350,95,7,65,928
36360,95,7,65,928
36370,95,7,65,928
36380,95,7,65,928
36390,95,7,65,928
36400,95,7,65,928
36410,95,7,65,928
36420,95,7,65,928
36430,95,7,65,928
36440,100,5,60,935
36450,100,5,60,935
36460,100,5,60,935
36470,100,5,60,935
36480,100,5,60,935
36490,100,5,60,935
36500,100,5,60,935
36510,100,5,60,935
36520,100,5,60,935
36530,100,5,60,935
36540,100,5,60,935
36550,100,5,60,935
36560,100,5,60,935
36570,100,5,60,935
36580,100,5,60,935
36590,100,5,60,935
36600,100,5,60,935
36610,100,5,60,935
36620,100,5,60,935
36630,100,5,60,935
36640,100,5,55,940
36650,100,5,55,940
36660,100,5,55,940
36670,100,5,55,940
36680,100,5,55,940
36690,100,5,55,940
36700,100,5,55,940
36710,100,5,55,940
36720,100,5,55,940
36730,100,5,55,940
36740,100,5,55,940
36750,100,5,55,940
36760,100,5,55,940
36770,100,5,55,940
36780,100,5,55,940
36790,100,5,55,940
36800,100,5,55,940
36810,100,5,55,940
36820,100,5,55,940
36830,100,5,55,940
36840,95,7,48,945
36850,95,7,48,945
36860,95,7,48,945
36870,95,7,48,945
36880,95,7,48,945
36890,95,7,48,945
36900,95,7,48,945
36910,95,7,48,945
36920,95,7,48,945
36930,95,7,48,945
36940,95,7,48,945
36950,95,7,48,945
36960,95,7,48,945
36970,95,7,48,945
36980,95,7,48,945
36990,95,7,48,945
37000,95,7,48,945
37010,95,7,48,945
37020,95,7,48,945
37030,95,7,48,945
37040,90,4,44,952
37050,90,4,44,952
37060,90,4,44,952
37070,90,4,44,952
37080,90,4,44,952
37090,90,4,44,952
37100,90,4,44,952
37110,90,4,44,952
37120,90,4,44,952
37130,90,4,44,952
37140,90,4,44,952
37150,90,4,44,952
37160,90,4,44,952
37170,90,4,44,952
37180,90,4,44,952
37190,90,4,44,952
37200,90,4,44,952
37210,90,4,44,952
37220,90,4,44,952
37230,90,4,44,952
37240,90,4,40,956
37250,90,4,40,956
37260,90,4,40,956
37270,90,4,40,956
37280,90,4,40,956
37290,90,4,40,956
37300,90,4,40,956
37310,90,4,40,956
37320,90,4,40,956
37330,90,4,40,956
37340,90,4,40,956
37350,90,4,40,956
37360,90,4,40,956
37370,90,4,40,956
37380,90,4,40,956
37390,90,4,40,956
37400,90,4,40,956
37410,90,4,40,956
37420,90,4,40,956
37430,90,4,40,956
37440,80,3,37,960
37450,80,3,37,960
37460,80,3,37,960
37470,80,3,37,960
37480,80,3,37,960
37490,80,3,37,960
37500,80,3,37,960
37510,80,3,37,960
37520,80,3,37,960
37530,80,3,37,960
37540,80,3,37,960
37550,80,3,37,960
37560,80,3,37,960
37570,80,3,37,960
37580,80,3,37,960
37590,80,3,37,960
37600,80,3,37,960
37610,80,3,37,960
37620,80,3,37,960
37630,80,3,37,960
37640,100,5,32,963
37650,100,5,32,963
37660,100,5,32,963
37670,100,5,32,963
37680,100,5,32,963
37690,100,5,32,963
37700,100,5,32,963
37710,100,5,32,963
37720,100,5,32,963
37730,100,5,32,963
37740,100,5,32,963
37750,100,5,32,963
37760,100,5,32,963
37770,100,5,32,963
37780,100,5,32,963
37790,100,5,32,963
37800,100,5,32,963
37810,100,5,32,963
37820,100,5,32,963
37830,100,5,32,963
37840,95,7,25,968
37850,95,7,25,968
37860,95,7,25,968
37870,95,7,25,968
37880,95,7,25,968
37890,95,7,25,968
37900,95,7,25,968
37910,95,7,25,968
37920,95,7,25,968
37930,95,7,25,968
37940,95,7,25,968
37950,95,7,25,968
37960,95,7,25,968
37970,95,7,25,968
37980,95,7,25,968
37990,95,7,25,968
38000,95,7,25,968
38010,95,7,25,968
38020,95,7,25,968
38030,95,7,25,968
38040,90,4,21,975
38050,90,4,21,975
38060,90,4,21,975
38070,90,4,21,975
38080,90,4,21,975
38090,90,4,21,975
38100,90,4,21,975
38110,90,4,21,975
38120,90,4,21,975
38130,90,4,21,975
38140,90,4,21,975
38150,90,4,21,975
38160,90,4,21,975
38170,90,4,21,975
38180,90,4,21,975
38190,90,4,21,975
38200,90,4,21,975
38210,90,4,21,975
38220,90,4,21,975
38230,90,4,21,975
38240,95,7,14,979
38250,95,7,14,979
38260,95,7,14,979
38270,95,7,14,979
38280,95,7,14,979
38290,95,7,14,979
38300,95,7,14,979
38310,95,7,14,979
38320,95,7,14,979
38330,95,7,14,979
38340,95,7,14,979
38350,95,7,14,979
38360,95,7,14,979
38370,95,7,14,979
38380,95,7,14,979
38390,95,7,14,979
38400,95,7,14,979
38410,95,7,14,979
38420,95,7,14,979
38430,95,7,14,979
38440,95,7,7,986
38450,95,7,7,986
38460,95,7,7,986
38470,95,7,7,986
38480,95,7,7,986
38490,95,7,7,986
38500,95,7,7,986
38510,95,7,7,986
38520,95,7,7,986
38530,95,7,7,986
38540,95,7,7,986
38550,95,7,7,986
38560,95,7,7,986
38570,95,7,7,986
38580,95,7,7,986
38590,95,7,7,986
38600,95,7,7,986
38610,95,7,7,986
38620,95,7,7,986
38630,95,7,7,986
38640,100,5,2,993
38650,100,5,2,993
38660,100,5,2,993
38670,100,5,2,993
38680,100,5,2,993
38690,100,5,2,993
38700,100,5,2,993
38710,100,5,2,993
38720,100,5,2,993
38730,100,5,2,993
38740,100,5,2,993
38750,100,5,2,993
38760,100,5,2,993
38770,100,5,2,993
38780,100,5,2,993
38790,100,5,2,993
38800,100,5,2,993
38810,100,5,2,993
38820,100,5,2,993
38830,100,5,2,993
38840,45,2,0,998
38850,45,2,0,998
38860,45,2,0,998
38870,45,2,0,998
38880,45,2,0,998
38890,45,2,0,998
38900,45,2,0,998
38910,45,2,0,998
38920,45,2,0,998
38930,45,2,0,998
38940,45,2,0,998
38950,45,2,0,998
38960,45,2,0,998
38970,45,2,0,998
38980,45,2,0,998
38990,45,2,0,998
39000,45,2,0,998
39010,45,2,0,998
39020,45,2,0,998
39030,45,2,0,998
39040,0,0,0,1000
